run,path,label,statements,native_codec_ns,actual_ns,nodes,complete_output_exact
1,Flapjack/Test/OriginalPancake/f01189_ffi_stub_order.pnk,3,3,222778,26149,3,True
1,Flapjack/Test/OriginalPancake/f01189_ffi_stub_order.pnk,4,3,21911,2726,5,True
1,Flapjack/Test/OriginalPancake/f01189_ffi_stub_order.pnk,5,70,3088007,32671,137,True
1,Flapjack/Test/OriginalPancake/f01189_ffi_stub_order.pnk,6,63,2268959,27432,123,True
1,Flapjack/Test/OriginalPancake/f01189_ffi_stub_order.pnk,7,54,1588241,22833,105,True
1,Flapjack/Test/OriginalPancake/ffi_halt_order.pnk,3,3,31269,4618,3,True
1,Flapjack/Test/OriginalPancake/ffi_halt_order.pnk,4,21,295224,9468,39,True
1,Flapjack/Test/OriginalPancake/f00068_allocator_return.pnk,3,3,46848,6482,3,True
1,Flapjack/Test/OriginalPancake/f00068_allocator_return.pnk,4,74,6453515,55805,237,True
1,Flapjack/Test/OriginalPancake/f00068_allocator_return.pnk,5,3,47879,6944,5,True
1,Flapjack/Test/OriginalPancake/f00068_allocator_return.pnk,6,3,12022,1383,5,True
1,Flapjack/Test/OriginalPancake/f00068_allocator_return.pnk,7,4,11943,2063,7,True
1,Flapjack/Test/OriginalPancake/f00068_allocator_return.pnk,8,4,11792,1643,7,True
1,Flapjack/Test/OriginalPancake/f00068_throwminimal3.pnk,3,3,48221,6973,3,True
1,Flapjack/Test/OriginalPancake/f00068_throwminimal3.pnk,4,30,1059599,25218,89,True
1,Flapjack/Test/OriginalPancake/f00068_throwminimal3.pnk,5,3,54753,6332,5,True
1,Flapjack/Test/OriginalPancake/f00068_throwminimal3.pnk,6,3,13866,1754,5,True
1,Flapjack/Test/OriginalPancake/empty_locals.pnk,3,3,31920,5340,3,True
1,Flapjack/Test/OriginalPancake/empty_locals.pnk,4,2,5771,1392,3,True
1,Flapjack/Test/OriginalPancake/empty_locals.pnk,5,3,11000,1493,5,True
1,Flapjack/Test/OriginalPancake/dec_clock.pnk,3,3,28304,4869,3,True
1,Flapjack/Test/OriginalPancake/dec_clock.pnk,4,4,14908,2395,7,True
1,Flapjack/Test/OriginalPancake/const_return.pnk,3,3,26159,3998,3,True
1,Flapjack/Test/OriginalPancake/const_return.pnk,4,3,16671,1894,5,True
1,Flapjack/Test/OriginalPancake/crep_op.pnk,3,3,24957,3727,3,True
1,Flapjack/Test/OriginalPancake/crep_op.pnk,4,3,10780,1673,5,True
1,Flapjack/Test/OriginalPancake/set_globals.pnk,3,11,96391,5811,19,True
1,Flapjack/Test/OriginalPancake/set_globals.pnk,4,3,18475,1443,5,True
1,Flapjack/Test/OriginalPancake/recursive_global_main.pnk,3,11,109676,6803,19,True
1,Flapjack/Test/OriginalPancake/recursive_global_main.pnk,4,8,134623,8035,41,True
1,Flapjack/Test/OriginalPancake/set_var.pnk,3,3,13455,2525,3,True
1,Flapjack/Test/OriginalPancake/set_var.pnk,4,7,23344,3156,7,True
1,Flapjack/Test/OriginalPancake/bitmap_calls.pnk,3,3,10951,2294,3,True
1,Flapjack/Test/OriginalPancake/bitmap_calls.pnk,4,3,9979,1773,5,True
1,Flapjack/Test/OriginalPancake/bitmap_calls.pnk,5,13,140474,6833,25,True
1,Flapjack/Test/OriginalPancake/entry_order.pnk,3,3,39053,6913,3,True
1,Flapjack/Test/OriginalPancake/entry_order.pnk,4,2,9408,2324,3,True
1,Flapjack/Test/OriginalPancake/entry_order.pnk,5,3,15960,2124,5,True
1,Flapjack/Test/OriginalPancake/entry_order.pnk,6,3,11201,1944,5,True
1,Flapjack/Test/OriginalPancake/shadowing.pnk,3,11,123281,6723,19,True
1,Flapjack/Test/OriginalPancake/shadowing.pnk,4,2,8527,2083,3,True
1,Flapjack/Test/OriginalPancake/shadowing.pnk,5,3,12794,1853,5,True
1,Flapjack/Test/OriginalPancake/shadowing.pnk,6,10,67477,4789,13,True
1,Flapjack/Test/OriginalPancake/nested_expression.pnk,3,3,9117,1753,3,True
1,Flapjack/Test/OriginalPancake/nested_expression.pnk,4,30,465474,8416,57,True
1,Flapjack/Test/OriginalPancake/nested_expression_deep.pnk,3,3,9127,1783,3,True
1,Flapjack/Test/OriginalPancake/nested_expression_deep.pnk,4,34,815861,9799,65,True
1,Flapjack/Test/OriginalPancake/nested_expression_sub.pnk,3,3,10871,2204,3,True
1,Flapjack/Test/OriginalPancake/nested_expression_sub.pnk,4,20,198062,7965,37,True
1,Flapjack/Test/OriginalPancake/wide_constants.pnk,3,3,10029,2014,3,True
1,Flapjack/Test/OriginalPancake/wide_constants.pnk,4,5,14126,1964,7,True
1,Flapjack/Test/OriginalPancake/dup_global.pnk,3,19,263104,8125,35,True
1,Flapjack/Test/OriginalPancake/dup_global.pnk,4,3,22432,1873,5,True
1,Flapjack/Test/OriginalPancake/nomain_global.pnk,3,11,94818,4849,19,True
1,Flapjack/Test/OriginalPancake/nomain_global.pnk,4,3,10069,1683,5,True
1,Flapjack/Test/OriginalPancake/callee_abi.pnk,3,3,9989,2014,3,True
1,Flapjack/Test/OriginalPancake/callee_abi.pnk,4,12,100097,4930,21,True
1,Flapjack/Test/OriginalPancake/callee_abi.pnk,5,3,13996,1724,5,True
1,Flapjack/Test/OriginalPancake/relational_condition.pnk,3,3,9689,1953,3,True
1,Flapjack/Test/OriginalPancake/relational_condition.pnk,4,3,8847,1593,5,True
1,Flapjack/Test/OriginalPancake/relational_condition.pnk,5,11,89278,5621,29,True
1,Flapjack/Test/OriginalPancake/conditional_comparators.pnk,3,3,19126,4338,3,True
1,Flapjack/Test/OriginalPancake/conditional_comparators.pnk,4,40,1401972,17132,83,True
1,Flapjack/Test/OriginalPancake/conditional_comparators.pnk,5,11,110818,7283,29,True
1,Flapjack/Test/OriginalPancake/conditional_comparators.pnk,6,11,104696,7484,29,True
1,Flapjack/Test/OriginalPancake/conditional_comparators.pnk,7,11,99777,6703,29,True
1,Flapjack/Test/OriginalPancake/conditional_comparators.pnk,8,11,96331,5861,29,True
1,Flapjack/Test/OriginalPancake/hello.pnk,3,3,12313,2415,3,True
1,Flapjack/Test/OriginalPancake/hello.pnk,4,31,1300041,20659,96,True
1,Flapjack/Test/OriginalPancake/ffi_runtime_image.pnk,3,3,11631,2585,3,True
1,Flapjack/Test/OriginalPancake/ffi_runtime_image.pnk,4,12,109596,6803,21,True
1,Flapjack/Test/OriginalPancake/default_handler_ffi.pnk,3,3,10670,2234,3,True
1,Flapjack/Test/OriginalPancake/default_handler_ffi.pnk,4,8,205145,9728,41,True
1,Flapjack/Test/OriginalPancake/default_handler_ffi.pnk,5,7,31058,3426,11,True
1,Flapjack/Test/OriginalPancake/caught_handler_ffi.pnk,3,3,11882,2595,3,True
1,Flapjack/Test/OriginalPancake/caught_handler_ffi.pnk,4,8,216746,9919,41,True
1,Flapjack/Test/OriginalPancake/caught_handler_ffi.pnk,5,7,35968,4068,11,True
1,Flapjack/Test/OriginalPancake/loop_local.pnk,3,3,11241,2384,3,True
1,Flapjack/Test/OriginalPancake/loop_local.pnk,4,10,222548,10770,46,True
1,Flapjack/Test/OriginalPancake/mul_const_zero.pnk,3,3,11371,2465,3,True
1,Flapjack/Test/OriginalPancake/mul_const_zero.pnk,4,3,11812,2274,5,True
1,Flapjack/Test/OriginalPancake/mul_const_zero.pnk,5,3,9928,1944,5,True
1,Flapjack/Test/OriginalPancake/mul_const_one.pnk,3,3,11281,2525,3,True
1,Flapjack/Test/OriginalPancake/mul_const_one.pnk,4,3,11452,2214,5,True
1,Flapjack/Test/OriginalPancake/mul_const_one.pnk,5,3,9999,1873,5,True
1,Flapjack/Test/OriginalPancake/mul_const_pow2.pnk,3,3,11282,2494,3,True
1,Flapjack/Test/OriginalPancake/mul_const_pow2.pnk,4,3,11561,2204,5,True
1,Flapjack/Test/OriginalPancake/mul_const_pow2.pnk,5,3,13776,2144,5,True
1,Flapjack/Test/OriginalPancake/f00028_allocator.pnk,3,3,39574,6833,3,True
1,Flapjack/Test/OriginalPancake/f00028_allocator.pnk,4,55,4001281,29045,148,True
1,Flapjack/Test/OriginalPancake/f00028_allocator.pnk,5,3,17643,1954,5,True
1,Flapjack/Test/OriginalPancake/f00028_allocator.pnk,6,3,9699,1122,5,True
1,Flapjack/Test/OriginalPancake/f00028_allocator.pnk,7,4,8776,1363,7,True
1,Flapjack/Test/OriginalPancake/f00028_allocator.pnk,8,4,8185,1252,7,True
1,Flapjack/Test/OriginalPancake/mul64x64_allocator.pnk,3,3,19416,3747,3,True
1,Flapjack/Test/OriginalPancake/mul64x64_allocator.pnk,4,12,74099,3587,17,True
1,Flapjack/Test/OriginalPancake/mul64x64_allocator.pnk,5,58,1661829,16161,113,True
1,Flapjack/Test/OriginalPancake/secp_accel_init_block.pnk,3,3,22091,4088,3,True
1,Flapjack/Test/OriginalPancake/secp_accel_init_block.pnk,4,7,25809,2394,13,True
1,Flapjack/Test/OriginalPancake/secp_accel_init_block.pnk,5,89,4340027,33052,175,True
1,Flapjack/Test/OriginalPancake/secp_accel_modmul.pnk,3,3,148529,25768,3,True
1,Flapjack/Test/OriginalPancake/secp_accel_modmul.pnk,4,3,25538,1904,5,True
1,Flapjack/Test/OriginalPancake/secp_accel_modmul.pnk,5,61,2152341,30317,119,True
1,Flapjack/Test/OriginalPancake/secp_accel_modmul.pnk,6,63,2901587,41007,123,True
1,Flapjack/Test/OriginalPancake/secp_accel_modmul.pnk,7,63,1606917,28243,123,True
1,Flapjack/Test/OriginalPancake/parameter_reassignment.pnk,3,3,42791,7263,3,True
1,Flapjack/Test/OriginalPancake/parameter_reassignment.pnk,4,3,11462,1362,5,True
1,Flapjack/Test/OriginalPancake/parameter_reassignment.pnk,5,13,172694,5691,23,True
1,Flapjack/Test/OriginalPancake/expression_load_offset.pnk,3,3,44865,7484,3,True
1,Flapjack/Test/OriginalPancake/expression_load_offset.pnk,4,30,859553,18765,61,True
1,Flapjack/Test/OriginalPancake/expression_load_offset.pnk,5,3,44203,4418,5,True
1,Flapjack/Test/OriginalPancake/expression_load_offset.pnk,6,3,14718,3617,5,True
1,Flapjack/Test/OriginalPancake/expression_load_offset.pnk,7,3,15850,1572,5,True
1,Flapjack/Test/OriginalPancake/subtract_operand_order.pnk,3,3,53350,8867,3,True
1,Flapjack/Test/OriginalPancake/subtract_operand_order.pnk,4,40,1375562,24216,83,True
1,Flapjack/Test/OriginalPancake/subtract_operand_order.pnk,5,3,45966,4529,5,True
1,Flapjack/Test/OriginalPancake/subtract_operand_order.pnk,6,3,11842,1663,5,True
1,Flapjack/Test/OriginalPancake/subtract_operand_order.pnk,7,3,19887,1333,5,True
1,Flapjack/Test/OriginalPancake/subtract_operand_order.pnk,8,3,14647,1433,5,True
1,Flapjack/Test/OriginalPancake/shifted_load_address.pnk,3,3,52759,9558,3,True
1,Flapjack/Test/OriginalPancake/shifted_load_address.pnk,4,30,785304,19206,61,True
1,Flapjack/Test/OriginalPancake/shifted_load_address.pnk,5,3,56146,5069,5,True
1,Flapjack/Test/OriginalPancake/shifted_load_address.pnk,6,3,14057,1823,5,True
1,Flapjack/Test/OriginalPancake/shifted_load_address.pnk,7,3,9578,1373,5,True
1,Flapjack/Test/OriginalPancake/collapse_branch.pnk,3,3,48021,7163,3,True
1,Flapjack/Test/OriginalPancake/collapse_branch.pnk,4,3,15338,2154,5,True
1,Flapjack/Test/OriginalPancake/collapse_branch.pnk,5,3,9007,1523,5,True
1,Flapjack/Test/OriginalPancake/collapse_branch.pnk,6,3,8025,1423,5,True
1,Flapjack/Test/OriginalPancake/collapse_branch.pnk,7,3,7705,1362,5,True
1,Flapjack/Test/OriginalPancake/collapse_branch.pnk,8,3,7484,1453,5,True
1,Flapjack/Test/OriginalPancake/collapse_branch.pnk,9,3,7785,1593,5,True
1,Flapjack/Test/OriginalPancake/collapse_branch.pnk,10,39,3639863,45164,214,True
1,Flapjack/Test/OriginalPancake/collapse_branch_full.pnk,3,11,139612,12364,19,True
1,Flapjack/Test/OriginalPancake/collapse_branch_full.pnk,4,3,11481,1834,5,True
1,Flapjack/Test/OriginalPancake/collapse_branch_full.pnk,5,7,34796,2825,11,True
1,Flapjack/Test/OriginalPancake/collapse_branch_full.pnk,6,23,644670,12293,59,True
1,Flapjack/Test/OriginalPancake/collapse_branch_full.pnk,7,10,54142,4338,17,True
1,Flapjack/Test/OriginalPancake/collapse_branch_full.pnk,8,8,216066,8787,54,True
1,Flapjack/Test/OriginalPancake/collapse_branch_full.pnk,9,25,791786,11422,51,True
1,Flapjack/Test/OriginalPancake/collapse_branch_full.pnk,10,73,3315674,30778,143,True
1,Flapjack/Test/OriginalPancake/collapse_branch_full.pnk,11,65,2639084,36008,127,True
1,Flapjack/Test/OriginalPancake/collapse_branch_full.pnk,12,42,5030533,70342,348,True
1,Flapjack/Test/OriginalPancake/global_load_sharing.pnk,3,11,97663,7855,19,True
1,Flapjack/Test/OriginalPancake/global_load_sharing.pnk,4,31,488387,8997,63,True
1,Flapjack/Test/OriginalPancake/global_load_sharing.pnk,5,3,33473,1202,5,True
1,Flapjack/Test/OriginalPancake/global_load_sharing.pnk,6,11,105378,3146,19,True
1,Flapjack/Test/OriginalPancake/global_shifted_load_address.pnk,3,11,124603,9679,19,True
1,Flapjack/Test/OriginalPancake/global_shifted_load_address.pnk,4,26,347131,9328,51,True
1,Flapjack/Test/OriginalPancake/global_shifted_load_address.pnk,5,3,32701,2034,5,True
1,Flapjack/Test/OriginalPancake/address_shift_operand.pnk,3,3,27823,3216,3,True
1,Flapjack/Test/OriginalPancake/address_shift_operand.pnk,4,31,576443,9758,63,True
1,Flapjack/Test/OriginalPancake/address_shift_operand.pnk,5,3,16832,1332,5,True
1,Flapjack/Test/OriginalPancake/address_shift_operand.pnk,6,3,12794,1423,5,True
1,Flapjack/Test/OriginalPancake/address_shift_operand.pnk,7,3,20158,1273,5,True
1,Flapjack/Test/OriginalPancake/global_base_shift_address.pnk,3,11,83918,5460,19,True
1,Flapjack/Test/OriginalPancake/global_base_shift_address.pnk,4,50,1718295,17894,107,True
1,Flapjack/Test/OriginalPancake/global_base_shift_address.pnk,5,3,28664,1814,5,True
1,Flapjack/Test/OriginalPancake/global_base_shift_address.pnk,6,3,18314,1132,5,True
1,Flapjack/Test/OriginalPancake/global_base_shift_address.pnk,7,3,22473,1132,5,True
1,Flapjack/Test/OriginalPancake/global_base_shift_address.pnk,8,3,18735,1133,5,True
1,Flapjack/Test/OriginalPancake/global_base_shift_address.pnk,9,3,22953,1233,5,True
1,Flapjack/Test/OriginalPancake/dec_temporary_cutset.pnk,3,3,27923,5700,3,True
1,Flapjack/Test/OriginalPancake/dec_temporary_cutset.pnk,4,36,988285,21060,75,True
1,Flapjack/Test/OriginalPancake/dec_temporary_cutset.pnk,5,3,16000,2154,5,True
1,Flapjack/Test/OriginalPancake/dec_temporary_cutset.pnk,6,4,9819,1523,7,True
1,Flapjack/Test/OriginalPancake/dec_temporary_cutset.pnk,7,20,484359,14557,80,True
1,Flapjack/Test/OriginalPancake/dec_temporary_cutset.pnk,8,20,474180,13135,80,True
1,Flapjack/Test/OriginalPancake/dec_temporary_cutset.pnk,9,22,518323,11131,86,True
1,Flapjack/Test/OriginalPancake/dec_temporary_cutset.pnk,10,21,517983,11060,82,True
1,Flapjack/Test/OriginalPancake/nested_binop_immediate.pnk,3,3,12413,2224,3,True
1,Flapjack/Test/OriginalPancake/nested_binop_immediate.pnk,4,54,3548081,19256,115,True
1,Flapjack/Test/OriginalPancake/nested_binop_immediate.pnk,5,3,20378,1693,5,True
1,Flapjack/Test/OriginalPancake/nested_binop_immediate.pnk,6,3,12814,1142,5,True
1,Flapjack/Test/OriginalPancake/nested_binop_immediate.pnk,7,3,11933,1072,5,True
1,Flapjack/Test/OriginalPancake/nested_binop_immediate.pnk,8,3,12974,1142,5,True
1,Flapjack/Test/OriginalPancake/nested_binop_immediate.pnk,9,3,12614,1102,5,True
1,Flapjack/Test/OriginalPancake/nested_binop_immediate.pnk,10,3,11842,1032,5,True
1,Flapjack/Test/OriginalPancake/loop_body_condition_fuse.pnk,3,3,451658,3997,3,True
1,Flapjack/Test/OriginalPancake/loop_body_condition_fuse.pnk,4,37,954341,12544,77,True
1,Flapjack/Test/OriginalPancake/loop_body_condition_fuse.pnk,5,8,151935,7555,58,True
1,Flapjack/Test/OriginalPancake/loop_body_condition_fuse.pnk,6,8,182492,8867,70,True
1,Flapjack/Test/OriginalPancake/loop_body_condition_fuse.pnk,7,10,302829,11872,101,True
1,Flapjack/Test/OriginalPancake/loop_body_condition_fuse.pnk,8,8,200006,9167,76,True
1,Flapjack/Test/OriginalPancake/process_message_empty_catch.pnk,3,3,14447,3086,3,True
1,Flapjack/Test/OriginalPancake/process_message_empty_catch.pnk,4,3,11641,1313,5,True
1,Flapjack/Test/OriginalPancake/process_message_empty_catch.pnk,5,3,8837,1833,5,True
1,Flapjack/Test/OriginalPancake/process_message_empty_catch.pnk,6,3,8366,1653,5,True
1,Flapjack/Test/OriginalPancake/process_message_empty_catch.pnk,7,18,304832,10640,81,True
1,Flapjack/Test/OriginalPancake/process_message_negative_offset.pnk,3,19,199705,7985,35,True
1,Flapjack/Test/OriginalPancake/process_message_negative_offset.pnk,4,3,7884,1543,5,True
1,Flapjack/Test/OriginalPancake/process_message_negative_offset.pnk,5,3,7354,1162,5,True
1,Flapjack/Test/OriginalPancake/process_message_negative_offset.pnk,6,3,5781,1062,5,True
1,Flapjack/Test/OriginalPancake/process_message_negative_offset.pnk,7,3,5771,1052,5,True
1,Flapjack/Test/OriginalPancake/process_message_negative_offset.pnk,8,3,5500,1012,5,True
1,Flapjack/Test/OriginalPancake/process_message_negative_offset.pnk,9,3,5410,1022,5,True
1,Flapjack/Test/OriginalPancake/process_message_negative_offset.pnk,10,30,1133367,21621,183,True
1,Flapjack/Test/OriginalPancake/fp_pow4_copy_loop.pnk,3,11,102352,8807,19,True
1,Flapjack/Test/OriginalPancake/fp_pow4_copy_loop.pnk,4,22,109876,6963,29,True
1,Flapjack/Test/OriginalPancake/fp_pow4_copy_loop.pnk,5,13,121708,4128,23,True
1,Flapjack/Test/OriginalPancake/fp_pow4_copy_loop.pnk,6,3,14567,1183,5,True
1,Flapjack/Test/OriginalPancake/fp_pow4_copy_loop.pnk,7,11,64381,3306,19,True
1,Flapjack/Test/OriginalPancake/fp_pow4_copy_loop.pnk,8,6,17302,1944,11,True
1,Flapjack/Test/OriginalPancake/fp_pow4_copy_loop.pnk,9,6,16922,1964,11,True
1,Flapjack/Test/OriginalPancake/fp_pow4_copy_loop.pnk,10,72,12946223,58540,467,True
1,Flapjack/Test/OriginalPancake/u256_add_carry.pnk,3,3,20449,3877,3,True
1,Flapjack/Test/OriginalPancake/u256_add_carry.pnk,4,24,103484,5440,29,True
1,Flapjack/Test/OriginalPancake/u256_add_carry.pnk,5,63,1094775,18234,115,True
1,Flapjack/Test/OriginalPancake/u256_mul_full.pnk,3,3,39154,8035,3,True
1,Flapjack/Test/OriginalPancake/u256_mul_full.pnk,4,46,639370,14587,91,True
1,Flapjack/Test/OriginalPancake/u256_mul_full.pnk,5,58,1639077,41427,113,True
1,Flapjack/Test/OriginalPancake/u256_mul_full.pnk,6,739,1114801201,389572,1501,True
1,Flapjack/Test/OriginalPancake/u256_mul_full_bitmap_wrap.pnk,3,3,44363,7384,3,True
1,Flapjack/Test/OriginalPancake/u256_mul_full_bitmap_wrap.pnk,4,3,12604,1492,5,True
1,Flapjack/Test/OriginalPancake/u256_mul_full_bitmap_wrap.pnk,5,58,1754714,23805,113,True
1,Flapjack/Test/OriginalPancake/u256_mul_full_bitmap_wrap.pnk,6,382,222786556,171953,787,True
1,Flapjack/Test/OriginalPancake/decode_payload_op_curr_heap_copy.pnk,3,11,104526,8626,19,True
1,Flapjack/Test/OriginalPancake/decode_payload_op_curr_heap_copy.pnk,4,3,7514,1332,5,True
1,Flapjack/Test/OriginalPancake/decode_payload_op_curr_heap_copy.pnk,5,3,5550,1042,5,True
1,Flapjack/Test/OriginalPancake/decode_payload_op_curr_heap_copy.pnk,6,3,5330,1001,5,True
1,Flapjack/Test/OriginalPancake/decode_payload_op_curr_heap_copy.pnk,7,34,579288,10299,75,True
1,Flapjack/Test/OriginalPancake/divmnu_copy_loop.pnk,3,11,144401,13005,19,True
1,Flapjack/Test/OriginalPancake/divmnu_copy_loop.pnk,4,3,27492,4488,5,True
1,Flapjack/Test/OriginalPancake/divmnu_copy_loop.pnk,5,3,7233,1333,5,True
1,Flapjack/Test/OriginalPancake/divmnu_copy_loop.pnk,6,13,328486,11552,62,True
1,Flapjack/Test/OriginalPancake/divmnu_copy_loop.pnk,7,39,8693510,60053,336,True
1,Flapjack/Test/OriginalPancake/bn_divmnu_allocator.pnk,3,3,53500,8536,3,True
1,Flapjack/Test/OriginalPancake/bn_divmnu_allocator.pnk,4,3,14948,2144,5,True
1,Flapjack/Test/OriginalPancake/bn_divmnu_allocator.pnk,5,3,10029,1904,5,True
1,Flapjack/Test/OriginalPancake/bn_divmnu_allocator.pnk,6,4,15739,2665,7,True
1,Flapjack/Test/OriginalPancake/bn_divmnu_allocator.pnk,7,79,29238036,171752,912,True
1,Flapjack/Test/OriginalPancake/gh1025_frame_bitmap.pnk,3,3,48801,9057,3,True
1,Flapjack/Test/OriginalPancake/gh1025_frame_bitmap.pnk,4,58,4702177,35456,276,True
1,Flapjack/Test/OriginalPancake/gh1025_frame_bitmap.pnk,5,3,27802,2284,5,True
1,Flapjack/Test/OriginalPancake/gh1025_frame_bitmap.pnk,6,3,8977,1062,5,True
1,Flapjack/Test/OriginalPancake/gh1025_frame_bitmap.pnk,7,4,8806,1323,7,True
1,Flapjack/Test/OriginalPancake/gh1025_frame_bitmap.pnk,8,4,8486,1212,7,True
1,Flapjack/Test/OriginalPancake/gh1025_frame_bitmap_f00000.pnk,3,3,38562,5631,3,True
1,Flapjack/Test/OriginalPancake/gh1025_frame_bitmap_f00000.pnk,4,79,5001259,31990,171,True
1,Flapjack/Test/OriginalPancake/gh1025_frame_bitmap_f00000.pnk,5,3,44042,5170,5,True
1,Flapjack/Test/OriginalPancake/gh1025_frame_bitmap_f00000.pnk,6,3,14868,2004,5,True
1,Flapjack/Test/OriginalPancake/gh1025_frame_bitmap_f00000.pnk,7,4,13595,1994,7,True
1,Flapjack/Test/OriginalPancake/gh1025_frame_bitmap_f00000.pnk,8,4,11702,1703,7,True
1,Flapjack/Test/OriginalPancake/many_word_parameters.pnk,3,3,21100,3767,3,True
1,Flapjack/Test/OriginalPancake/many_word_parameters.pnk,4,12,66345,3416,21,True
1,Flapjack/Test/OriginalPancake/many_word_parameters.pnk,5,3,6312,1162,5,True
1,Flapjack/Test/OriginalPancake/many_word_parameters.pnk,6,3,5351,1021,5,True
1,Flapjack/Test/OriginalPancake/many_word_parameters.pnk,7,3,5250,992,5,True
1,Flapjack/Test/OriginalPancake/wide_call_arguments.pnk,3,3,52128,8346,3,True
1,Flapjack/Test/OriginalPancake/wide_call_arguments.pnk,4,12,73708,3507,21,True
1,Flapjack/Test/OriginalPancake/wide_call_arguments.pnk,5,3,6132,1202,5,True
1,Flapjack/Test/OriginalPancake/wide_call_arguments.pnk,6,3,5360,962,5,True
1,Flapjack/Test/OriginalPancake/wide_call_arguments.pnk,7,47,966094,12633,93,True
1,Flapjack/Test/OriginalPancake/wide_call_arguments.pnk,8,55,1315850,15099,109,True
1,Flapjack/Test/OriginalPancake/secp256k1_recover.pnk,3,27,535956,18976,51,True
1,Flapjack/Test/OriginalPancake/secp256k1_recover.pnk,4,3,37631,5180,5,True
1,Flapjack/Test/OriginalPancake/secp256k1_recover.pnk,5,28,635984,16160,53,True
1,Flapjack/Test/OriginalPancake/secp256k1_recover.pnk,6,23,656182,16571,59,True
1,Flapjack/Test/OriginalPancake/secp256k1_recover.pnk,7,3,37080,3176,5,True
1,Flapjack/Test/OriginalPancake/secp256k1_recover.pnk,8,11,89207,4799,19,True
1,Flapjack/Test/OriginalPancake/secp256k1_recover.pnk,9,13,158297,4909,23,True
1,Flapjack/Test/OriginalPancake/secp256k1_recover.pnk,10,19,291076,7484,37,True
1,Flapjack/Test/OriginalPancake/secp256k1_recover.pnk,11,25,859904,20238,91,True
1,Flapjack/Test/OriginalPancake/secp256k1_recover.pnk,12,11,100118,5671,29,True
1,Flapjack/Test/OriginalPancake/secp256k1_recover.pnk,13,11,108404,4929,29,True
1,Flapjack/Test/OriginalPancake/secp256k1_recover.pnk,14,35,779052,18525,101,True
1,Flapjack/Test/OriginalPancake/secp256k1_recover.pnk,15,21,341351,12393,51,True
1,Flapjack/Test/OriginalPancake/secp256k1_recover.pnk,16,11,174328,6552,29,True
1,Flapjack/Test/OriginalPancake/secp256k1_recover.pnk,17,35,1544219,39615,173,True
1,Flapjack/Test/OriginalPancake/secp256k1_recover.pnk,18,63,1435765,32952,115,True
1,Flapjack/Test/OriginalPancake/secp256k1_recover.pnk,19,62,1587370,22442,113,True
1,Flapjack/Test/OriginalPancake/secp256k1_recover.pnk,20,58,1662811,22192,113,True
1,Flapjack/Test/OriginalPancake/secp256k1_recover.pnk,21,53,2749000,41408,235,True
1,Flapjack/Test/OriginalPancake/secp256k1_recover.pnk,22,27,994827,26520,119,True
1,Flapjack/Test/OriginalPancake/secp256k1_recover.pnk,23,39,3844367,70592,332,True
1,Flapjack/Test/OriginalPancake/secp256k1_recover.pnk,24,39,3961818,256441,201,True
1,Flapjack/Test/OriginalPancake/secp256k1_recover.pnk,25,89,4085900,45966,175,True
1,Flapjack/Test/OriginalPancake/secp256k1_recover.pnk,26,45,1861314,34985,103,True
1,Flapjack/Test/OriginalPancake/secp256k1_recover.pnk,27,63,2496346,34525,123,True
1,Flapjack/Test/OriginalPancake/secp256k1_recover.pnk,28,63,2489434,39494,123,True
1,Flapjack/Test/OriginalPancake/secp256k1_recover.pnk,29,64,2500304,39294,155,True
1,Flapjack/Test/OriginalPancake/secp256k1_recover.pnk,30,27,700385,16791,65,True
1,Flapjack/Test/OriginalPancake/secp256k1_recover.pnk,31,10,74130,6281,19,True
1,Flapjack/Test/OriginalPancake/secp256k1_recover.pnk,32,10,64271,4678,19,True
1,Flapjack/Test/OriginalPancake/secp256k1_recover.pnk,33,72,17846221,130896,467,True
1,Flapjack/Test/OriginalPancake/secp256k1_recover.pnk,34,10,119585,11221,19,True
1,Flapjack/Test/OriginalPancake/secp256k1_recover.pnk,35,10,61836,4248,19,True
1,Flapjack/Test/OriginalPancake/secp256k1_recover.pnk,36,10,68258,5260,19,True
1,Flapjack/Test/OriginalPancake/secp256k1_recover.pnk,37,72,18190277,154259,499,True
1,Flapjack/Test/OriginalPancake/secp256k1_recover.pnk,38,10,67787,6833,19,True
1,Flapjack/Test/OriginalPancake/secp256k1_recover.pnk,39,72,1800730,24867,141,True
1,Flapjack/Test/OriginalPancake/secp256k1_recover.pnk,40,72,2931784,33763,141,True
1,Flapjack/Test/OriginalPancake/secp256k1_recover.pnk,41,14,189636,8606,25,True
1,Flapjack/Test/OriginalPancake/secp256k1_recover.pnk,42,112,9253932,55845,233,True
1,Flapjack/Test/OriginalPancake/secp256k1_recover.pnk,43,106,8788698,58169,261,True
1,Flapjack/Test/OriginalPancake/secp256k1_recover.pnk,44,185,40120846,114665,549,True
1,Flapjack/Test/OriginalPancake/secp256k1_recover.pnk,45,458,1089096569,251472,1266,True
1,Flapjack/Test/OriginalPancake/secp256k1_recover.pnk,46,129,12015325,77465,277,True
1,Flapjack/Test/OriginalPancake/secp256k1_recover.pnk,47,158,43391424,133411,451,True
1,Flapjack/Test/OriginalPancake/secp256k1_recover.pnk,48,293,173272818,230914,799,True
1,Flapjack/Test/OriginalPancake/spilled_load_offset.pnk,3,3,58250,9688,3,True
1,Flapjack/Test/OriginalPancake/spilled_load_offset.pnk,4,25,523273,18885,49,True
1,Flapjack/Test/OriginalPancake/spilled_load_offset.pnk,5,3,35427,4889,5,True
1,Flapjack/Test/OriginalPancake/spilled_load_offset.pnk,6,130,15555070,66034,267,True
1,Flapjack/Test/OriginalPancake/spilled_load_offset.pnk,7,5,42760,7885,7,True
1,Flapjack/Test/OriginalPancake/allocator_colour_permutation.pnk,3,3,63890,12443,3,True
1,Flapjack/Test/OriginalPancake/allocator_colour_permutation.pnk,4,3,19055,2034,5,True
1,Flapjack/Test/OriginalPancake/allocator_colour_permutation.pnk,5,4,11842,1774,7,True
1,Flapjack/Test/OriginalPancake/allocator_colour_permutation.pnk,6,34,1513502,27311,120,True
1,Flapjack/Test/OriginalPancake/set_transient_storage_copy_class.pnk,3,11,161653,16391,19,True
1,Flapjack/Test/OriginalPancake/set_transient_storage_copy_class.pnk,4,12,131808,7183,21,True
1,Flapjack/Test/OriginalPancake/set_transient_storage_copy_class.pnk,5,3,13305,1563,5,True
1,Flapjack/Test/OriginalPancake/set_transient_storage_copy_class.pnk,6,7,45816,3066,15,True
1,Flapjack/Test/OriginalPancake/set_transient_storage_copy_class.pnk,7,3,8035,1412,5,True
1,Flapjack/Test/OriginalPancake/set_transient_storage_copy_class.pnk,8,3,7204,1372,5,True
1,Flapjack/Test/OriginalPancake/set_transient_storage_copy_class.pnk,9,3,6993,1322,5,True
1,Flapjack/Test/OriginalPancake/set_transient_storage_copy_class.pnk,10,64,4887455,39083,155,True
1,Flapjack/Test/OriginalPancake/wide_add_constant.pnk,3,3,37270,5140,3,True
1,Flapjack/Test/OriginalPancake/wide_add_constant.pnk,4,5,24917,2084,7,True
1,Flapjack/Test/OriginalPancake/wide_call_arity.pnk,3,3,76894,15740,3,True
1,Flapjack/Test/OriginalPancake/wide_call_arity.pnk,4,36,1450273,22051,75,True
1,Flapjack/Test/OriginalPancake/wide_call_arity.pnk,5,3,20589,2495,5,True
1,Flapjack/Test/OriginalPancake/wide_call_arity.pnk,6,3,11602,2084,5,True
1,Flapjack/Test/OriginalPancake/wide_call_arity.pnk,7,3,8876,1583,5,True
1,Flapjack/Test/OriginalPancake/wide_call_arity.pnk,8,3,8827,1563,5,True
1,Flapjack/Test/OriginalPancake/wide_call_arity.pnk,9,85,5635970,51757,169,True
1,Flapjack/Test/OriginalPancake/wide_call_arity.pnk,10,91,6527794,58210,181,True
1,Flapjack/Test/OriginalPancake/wide_call_arity.pnk,11,103,8320219,64661,205,True
1,Flapjack/Test/OriginalPancake/wide_call_arity.pnk,12,127,12499545,86843,253,True
1,Flapjack/Test/OriginalPancake/wide_return_22.pnk,3,3,61135,9267,3,True
1,Flapjack/Test/OriginalPancake/wide_return_22.pnk,4,3,25027,2274,5,True
1,Flapjack/Test/OriginalPancake/wide_return_22.pnk,5,24,311014,15559,47,True
1,Flapjack/Test/OriginalPancake/wide_call_spilled_base.pnk,3,3,95479,15319,3,True
1,Flapjack/Test/OriginalPancake/wide_call_spilled_base.pnk,4,19,278172,9468,35,True
1,Flapjack/Test/OriginalPancake/wide_call_spilled_base.pnk,5,3,47680,5059,5,True
1,Flapjack/Test/OriginalPancake/wide_call_spilled_base.pnk,6,90,6345932,48461,179,True
1,Flapjack/Test/OriginalPancake/f00226_mks_out_of_range_shift.pnk,3,3,57769,11742,3,True
1,Flapjack/Test/OriginalPancake/f00226_mks_out_of_range_shift.pnk,4,14,205947,9167,21,True
1,Flapjack/Test/OriginalPancake/f00226_mks_out_of_range_shift.pnk,5,4,35967,5300,7,True
1,Flapjack/Test/OriginalPancake/loop_to_word_unbound_var.pnk,3,3,42269,6883,3,True
1,Flapjack/Test/OriginalPancake/loop_to_word_unbound_var.pnk,4,14,294433,13715,55,True
1,Flapjack/Test/OriginalPancake/loop_to_word_unbound_var.pnk,5,3,32551,4539,5,True
1,Flapjack/Test/OriginalPancake/loop_to_word_exception_fallback.pnk,3,3,31279,5110,3,True
1,Flapjack/Test/OriginalPancake/loop_to_word_exception_fallback.pnk,4,10,66585,4499,17,True
1,Flapjack/Test/OriginalPancake/f00226_mks_out_of_range_shift.pnk,3,3,44072,8977,3,True
1,Flapjack/Test/OriginalPancake/f00226_mks_out_of_range_shift.pnk,4,14,202079,7274,21,True
1,Flapjack/Test/OriginalPancake/f00226_mks_out_of_range_shift.pnk,5,4,40105,4659,7,True
1,Flapjack/Test/OriginalPancake/op_dispatch_relocation_boundary.pnk,3,3,61916,11291,3,True
1,Flapjack/Test/OriginalPancake/op_dispatch_relocation_boundary.pnk,4,3,22803,2745,5,True
1,Flapjack/Test/OriginalPancake/op_dispatch_relocation_boundary.pnk,5,3,11892,2084,5,True
1,Flapjack/Test/OriginalPancake/op_dispatch_relocation_boundary.pnk,6,3,9468,1653,5,True
1,Flapjack/Test/OriginalPancake/op_dispatch_relocation_boundary.pnk,7,3,8095,1603,5,True
1,Flapjack/Test/OriginalPancake/op_dispatch_relocation_boundary.pnk,8,3,7754,1513,5,True
1,Flapjack/Test/OriginalPancake/op_dispatch_relocation_boundary.pnk,9,3,7915,1653,5,True
1,Flapjack/Test/OriginalPancake/op_dispatch_relocation_boundary.pnk,10,3,5761,982,5,True
1,Flapjack/Test/OriginalPancake/op_dispatch_relocation_boundary.pnk,11,3,5170,952,5,True
1,Flapjack/Test/OriginalPancake/op_dispatch_relocation_boundary.pnk,12,3,5140,982,5,True
1,Flapjack/Test/OriginalPancake/op_dispatch_relocation_boundary.pnk,13,3,7313,1523,5,True
1,Flapjack/Test/OriginalPancake/op_dispatch_relocation_boundary.pnk,14,3,8206,1442,5,True
1,Flapjack/Test/OriginalPancake/op_dispatch_relocation_boundary.pnk,15,3,8937,1693,5,True
1,Flapjack/Test/OriginalPancake/op_dispatch_relocation_boundary.pnk,16,3,8877,1573,5,True
1,Flapjack/Test/OriginalPancake/op_dispatch_relocation_boundary.pnk,17,3,8726,1663,5,True
1,Flapjack/Test/OriginalPancake/op_dispatch_relocation_boundary.pnk,18,3,8737,1693,5,True
1,Flapjack/Test/OriginalPancake/op_dispatch_relocation_boundary.pnk,19,3,7143,1463,5,True
1,Flapjack/Test/OriginalPancake/op_dispatch_relocation_boundary.pnk,20,3,8076,1372,5,True
1,Flapjack/Test/OriginalPancake/op_dispatch_relocation_boundary.pnk,21,3,11251,1563,5,True
1,Flapjack/Test/OriginalPancake/op_dispatch_relocation_boundary.pnk,22,3,7023,1272,5,True
1,Flapjack/Test/OriginalPancake/op_dispatch_relocation_boundary.pnk,23,3,7043,1363,5,True
1,Flapjack/Test/OriginalPancake/op_dispatch_relocation_boundary.pnk,24,3,6983,1282,5,True
1,Flapjack/Test/OriginalPancake/op_dispatch_relocation_boundary.pnk,25,3,7033,1362,5,True
1,Flapjack/Test/OriginalPancake/op_dispatch_relocation_boundary.pnk,26,3,7123,1343,5,True
1,Flapjack/Test/OriginalPancake/op_dispatch_relocation_boundary.pnk,27,3,10660,1363,5,True
1,Flapjack/Test/OriginalPancake/op_dispatch_relocation_boundary.pnk,28,3,7093,1353,5,True
1,Flapjack/Test/OriginalPancake/op_dispatch_relocation_boundary.pnk,29,3,7163,1373,5,True
1,Flapjack/Test/OriginalPancake/op_dispatch_relocation_boundary.pnk,30,3,6452,1292,5,True
1,Flapjack/Test/OriginalPancake/op_dispatch_relocation_boundary.pnk,31,3,6923,1413,5,True
1,Flapjack/Test/OriginalPancake/op_dispatch_relocation_boundary.pnk,32,11,3193966,161623,991,True
1,Flapjack/Test/OriginalPancake/op_dispatch_label_stability.pnk,3,3,50455,8847,3,True
1,Flapjack/Test/OriginalPancake/op_dispatch_label_stability.pnk,4,3,15579,2124,5,True
1,Flapjack/Test/OriginalPancake/op_dispatch_label_stability.pnk,5,3,9718,1693,5,True
1,Flapjack/Test/OriginalPancake/op_dispatch_label_stability.pnk,6,3,8446,1583,5,True
1,Flapjack/Test/OriginalPancake/op_dispatch_label_stability.pnk,7,3,8265,1583,5,True
1,Flapjack/Test/OriginalPancake/op_dispatch_label_stability.pnk,8,3,8205,1493,5,True
1,Flapjack/Test/OriginalPancake/op_dispatch_label_stability.pnk,9,3,8516,1643,5,True
1,Flapjack/Test/OriginalPancake/op_dispatch_label_stability.pnk,10,3,8315,1583,5,True
1,Flapjack/Test/OriginalPancake/op_dispatch_label_stability.pnk,11,3,8285,1433,5,True
1,Flapjack/Test/OriginalPancake/op_dispatch_label_stability.pnk,12,3,8085,1313,5,True
1,Flapjack/Test/OriginalPancake/op_dispatch_label_stability.pnk,13,3,7925,1583,5,True
1,Flapjack/Test/OriginalPancake/op_dispatch_label_stability.pnk,14,3,10560,2995,5,True
1,Flapjack/Test/OriginalPancake/op_dispatch_label_stability.pnk,15,3,8085,1663,5,True
1,Flapjack/Test/OriginalPancake/op_dispatch_label_stability.pnk,16,3,7865,1533,5,True
1,Flapjack/Test/OriginalPancake/op_dispatch_label_stability.pnk,17,3,7894,1553,5,True
1,Flapjack/Test/OriginalPancake/op_dispatch_label_stability.pnk,18,3,7755,1443,5,True
1,Flapjack/Test/OriginalPancake/op_dispatch_label_stability.pnk,19,3,7914,1603,5,True
1,Flapjack/Test/OriginalPancake/op_dispatch_label_stability.pnk,20,3,8105,1493,5,True
1,Flapjack/Test/OriginalPancake/op_dispatch_label_stability.pnk,21,3,8316,1623,5,True
1,Flapjack/Test/OriginalPancake/op_dispatch_label_stability.pnk,22,3,8176,1613,5,True
1,Flapjack/Test/OriginalPancake/op_dispatch_label_stability.pnk,23,3,8115,1573,5,True
1,Flapjack/Test/OriginalPancake/op_dispatch_label_stability.pnk,24,3,7915,1473,5,True
1,Flapjack/Test/OriginalPancake/op_dispatch_label_stability.pnk,25,3,7865,1804,5,True
1,Flapjack/Test/OriginalPancake/op_dispatch_label_stability.pnk,26,3,7935,1563,5,True
1,Flapjack/Test/OriginalPancake/op_dispatch_label_stability.pnk,27,3,8256,1603,5,True
1,Flapjack/Test/OriginalPancake/op_dispatch_label_stability.pnk,28,3,8276,1533,5,True
1,Flapjack/Test/OriginalPancake/op_dispatch_label_stability.pnk,29,3,8035,1573,5,True
1,Flapjack/Test/OriginalPancake/op_dispatch_label_stability.pnk,30,3,8055,1533,5,True
1,Flapjack/Test/OriginalPancake/op_dispatch_label_stability.pnk,31,27,11626525,185408,1029,True
1,Flapjack/Test/OriginalPancake/op_dispatch_many.pnk,3,3,51055,9899,3,True
1,Flapjack/Test/OriginalPancake/op_dispatch_many.pnk,4,3,15539,1994,5,True
1,Flapjack/Test/OriginalPancake/op_dispatch_many.pnk,5,3,7003,1122,5,True
1,Flapjack/Test/OriginalPancake/op_dispatch_many.pnk,6,3,5420,982,5,True
1,Flapjack/Test/OriginalPancake/op_dispatch_many.pnk,7,3,5400,962,5,True
1,Flapjack/Test/OriginalPancake/op_dispatch_many.pnk,8,3,5521,961,5,True
1,Flapjack/Test/OriginalPancake/op_dispatch_many.pnk,9,3,5260,962,5,True
1,Flapjack/Test/OriginalPancake/op_dispatch_many.pnk,10,3,5150,951,5,True
1,Flapjack/Test/OriginalPancake/op_dispatch_many.pnk,11,3,5260,962,5,True
1,Flapjack/Test/OriginalPancake/op_dispatch_many.pnk,12,3,5160,951,5,True
1,Flapjack/Test/OriginalPancake/op_dispatch_many.pnk,13,3,5230,942,5,True
1,Flapjack/Test/OriginalPancake/op_dispatch_many.pnk,14,3,5229,952,5,True
1,Flapjack/Test/OriginalPancake/op_dispatch_many.pnk,15,3,5220,962,5,True
1,Flapjack/Test/OriginalPancake/op_dispatch_many.pnk,16,3,5119,952,5,True
1,Flapjack/Test/OriginalPancake/op_dispatch_many.pnk,17,3,5120,982,5,True
1,Flapjack/Test/OriginalPancake/op_dispatch_many.pnk,18,3,5130,961,5,True
1,Flapjack/Test/OriginalPancake/op_dispatch_many.pnk,19,3,5220,982,5,True
1,Flapjack/Test/OriginalPancake/op_dispatch_many.pnk,20,3,5130,952,5,True
1,Flapjack/Test/OriginalPancake/op_dispatch_many.pnk,21,3,7694,1423,5,True
1,Flapjack/Test/OriginalPancake/op_dispatch_many.pnk,22,3,5150,972,5,True
1,Flapjack/Test/OriginalPancake/op_dispatch_many.pnk,23,3,5089,962,5,True
1,Flapjack/Test/OriginalPancake/op_dispatch_many.pnk,24,3,5149,952,5,True
1,Flapjack/Test/OriginalPancake/op_dispatch_many.pnk,25,3,5120,942,5,True
1,Flapjack/Test/OriginalPancake/op_dispatch_many.pnk,26,3,5139,952,5,True
1,Flapjack/Test/OriginalPancake/op_dispatch_many.pnk,27,3,7765,1643,5,True
1,Flapjack/Test/OriginalPancake/op_dispatch_many.pnk,28,3,7835,1633,5,True
1,Flapjack/Test/OriginalPancake/op_dispatch_many.pnk,29,3,7825,1393,5,True
1,Flapjack/Test/OriginalPancake/op_dispatch_many.pnk,30,3,7053,942,5,True
1,Flapjack/Test/OriginalPancake/op_dispatch_many.pnk,31,3,5200,951,5,True
1,Flapjack/Test/OriginalPancake/op_dispatch_many.pnk,32,11,2140238,93756,991,True
1,Flapjack/Test/OriginalPancake/op_dispatch_stored_length.pnk,3,3,44754,7775,3,True
1,Flapjack/Test/OriginalPancake/op_dispatch_stored_length.pnk,4,3,13786,1363,5,True
1,Flapjack/Test/OriginalPancake/op_dispatch_stored_length.pnk,5,3,6142,1152,5,True
1,Flapjack/Test/OriginalPancake/op_dispatch_stored_length.pnk,6,3,5481,981,5,True
1,Flapjack/Test/OriginalPancake/op_dispatch_stored_length.pnk,7,3,5290,962,5,True
1,Flapjack/Test/OriginalPancake/op_dispatch_stored_length.pnk,8,3,5160,962,5,True
1,Flapjack/Test/OriginalPancake/op_dispatch_stored_length.pnk,9,3,5220,932,5,True
1,Flapjack/Test/OriginalPancake/op_dispatch_stored_length.pnk,10,3,5140,942,5,True
1,Flapjack/Test/OriginalPancake/op_dispatch_stored_length.pnk,11,3,5570,952,5,True
1,Flapjack/Test/OriginalPancake/op_dispatch_stored_length.pnk,12,3,5129,942,5,True
1,Flapjack/Test/OriginalPancake/op_dispatch_stored_length.pnk,13,3,5090,941,5,True
1,Flapjack/Test/OriginalPancake/op_dispatch_stored_length.pnk,14,3,13064,1563,5,True
1,Flapjack/Test/OriginalPancake/op_dispatch_stored_length.pnk,15,3,5180,932,5,True
1,Flapjack/Test/OriginalPancake/op_dispatch_stored_length.pnk,16,3,5090,952,5,True
1,Flapjack/Test/OriginalPancake/op_dispatch_stored_length.pnk,17,3,5159,952,5,True
1,Flapjack/Test/OriginalPancake/op_dispatch_stored_length.pnk,18,3,5090,941,5,True
1,Flapjack/Test/OriginalPancake/op_dispatch_stored_length.pnk,19,3,5110,941,5,True
1,Flapjack/Test/OriginalPancake/op_dispatch_stored_length.pnk,20,3,5129,942,5,True
1,Flapjack/Test/OriginalPancake/op_dispatch_stored_length.pnk,21,3,5150,931,5,True
1,Flapjack/Test/OriginalPancake/op_dispatch_stored_length.pnk,22,3,7143,1473,5,True
1,Flapjack/Test/OriginalPancake/op_dispatch_stored_length.pnk,23,3,7974,1533,5,True
1,Flapjack/Test/OriginalPancake/op_dispatch_stored_length.pnk,24,3,6963,1353,5,True
1,Flapjack/Test/OriginalPancake/op_dispatch_stored_length.pnk,25,3,5149,952,5,True
1,Flapjack/Test/OriginalPancake/op_dispatch_stored_length.pnk,26,3,5109,942,5,True
1,Flapjack/Test/OriginalPancake/op_dispatch_stored_length.pnk,27,3,5170,942,5,True
1,Flapjack/Test/OriginalPancake/op_dispatch_stored_length.pnk,28,3,5140,931,5,True
1,Flapjack/Test/OriginalPancake/op_dispatch_stored_length.pnk,29,3,5140,932,5,True
1,Flapjack/Test/OriginalPancake/op_dispatch_stored_length.pnk,30,3,5190,921,5,True
1,Flapjack/Test/OriginalPancake/op_dispatch_stored_length.pnk,31,3,5189,952,5,True
1,Flapjack/Test/OriginalPancake/op_dispatch_stored_length.pnk,32,27,7770416,108574,1065,True
1,Flapjack/Test/OriginalPancake/f00014_loop_to_word_allocator.pnk,3,3,60003,12022,3,True
1,Flapjack/Test/OriginalPancake/f00014_loop_to_word_allocator.pnk,4,14,206387,7073,55,True
1,Flapjack/Test/OriginalPancake/f00014_loop_to_word_allocator.pnk,5,3,15058,1172,5,True
1,Flapjack/Test/OriginalPancake/f00238_handler_const_or.pnk,3,3,43331,7314,3,True
1,Flapjack/Test/OriginalPancake/f00238_handler_const_or.pnk,4,17,307798,12824,57,True
1,Flapjack/Test/OriginalPancake/f00238_handler_const_or.pnk,5,3,17984,2314,5,True
1,Flapjack/Test/OriginalPancake/f00017_nested_and_zero.pnk,3,3,21089,3837,3,True
1,Flapjack/Test/OriginalPancake/f00017_nested_and_zero.pnk,4,25,352371,8366,51,True
1,Flapjack/Test/OriginalPancake/f00017_nested_and_zero.pnk,5,3,11531,1723,5,True
1,Flapjack/Test/OriginalPancake/f00091_nested_and_constants.pnk,3,3,25889,4678,3,True
1,Flapjack/Test/OriginalPancake/f00091_nested_and_constants.pnk,4,17,139432,5510,33,True
1,Flapjack/Test/OriginalPancake/f00091_nested_and_constants.pnk,5,3,12123,1363,5,True
1,Flapjack/Test/OriginalPancake/f00091_nested_and_constants.pnk,6,4,8877,1313,7,True
1,Flapjack/Test/OriginalPancake/f00356_zero_shift_self_move.pnk,3,3,44854,8155,3,True
1,Flapjack/Test/OriginalPancake/f00356_zero_shift_self_move.pnk,4,57,2681864,23755,142,True
1,Flapjack/Test/OriginalPancake/f00356_zero_shift_self_move.pnk,5,3,34965,4258,5,True
1,Flapjack/Test/OriginalPancake/f00356_zero_shift_self_move.pnk,6,3,9248,1082,5,True
1,Flapjack/Test/OriginalPancake/f00356_zero_shift_self_move.pnk,7,4,8927,1363,7,True
1,Flapjack/Test/OriginalPancake/f00356_zero_shift_self_move.pnk,8,4,8406,1272,7,True
1,Flapjack/Test/OriginalPancake/f00484_nested_and_store.pnk,3,3,45836,9177,3,True
1,Flapjack/Test/OriginalPancake/f00484_nested_and_store.pnk,4,50,3193104,33313,126,True
1,Flapjack/Test/OriginalPancake/f00484_nested_and_store.pnk,5,3,36779,5030,5,True
1,Flapjack/Test/OriginalPancake/f00484_nested_and_store.pnk,6,3,16651,1994,5,True
1,Flapjack/Test/OriginalPancake/f00484_nested_and_store.pnk,7,4,14668,2144,7,True
1,Flapjack/Test/OriginalPancake/f00484_nested_and_store.pnk,8,4,13756,1974,7,True
1,Flapjack/Test/OriginalPancake/f00325_zero_shift_self_move.pnk,3,3,25117,4309,3,True
1,Flapjack/Test/OriginalPancake/f00325_zero_shift_self_move.pnk,4,30,873159,17704,108,True
1,Flapjack/Test/OriginalPancake/f00325_zero_shift_self_move.pnk,5,3,22753,2465,5,True
1,Flapjack/Test/OriginalPancake/f00325_zero_shift_self_move.pnk,6,4,11792,2014,7,True
1,Flapjack/Test/OriginalPancake/dead_if_branches.pnk,3,3,25608,4218,3,True
1,Flapjack/Test/OriginalPancake/dead_if_branches.pnk,4,13,84919,5310,27,True
1,Flapjack/Test/OriginalPancake/f00356_zero_shift_self_move.pnk,3,3,40055,4919,3,True
1,Flapjack/Test/OriginalPancake/f00356_zero_shift_self_move.pnk,4,57,3319702,26029,142,True
1,Flapjack/Test/OriginalPancake/f00356_zero_shift_self_move.pnk,5,3,23163,2876,5,True
1,Flapjack/Test/OriginalPancake/f00356_zero_shift_self_move.pnk,6,3,9788,1212,5,True
1,Flapjack/Test/OriginalPancake/f00356_zero_shift_self_move.pnk,7,4,10059,1523,7,True
1,Flapjack/Test/OriginalPancake/f00356_zero_shift_self_move.pnk,8,4,9639,2564,7,True
1,Flapjack/Test/OriginalPancake/f00042_zero_add_register_fusion.pnk,3,3,56046,10449,3,True
1,Flapjack/Test/OriginalPancake/f00042_zero_add_register_fusion.pnk,4,47,2311018,27342,126,True
1,Flapjack/Test/OriginalPancake/f00042_zero_add_register_fusion.pnk,5,3,56166,5129,5,True
1,Flapjack/Test/OriginalPancake/f00042_zero_add_register_fusion.pnk,6,3,10650,1042,5,True
1,Flapjack/Test/OriginalPancake/f00042_zero_add_register_fusion.pnk,7,4,8596,1272,7,True
1,Flapjack/Test/OriginalPancake/f00042_zero_add_register_fusion.pnk,8,4,8086,1212,7,True
1,Flapjack/Test/OriginalPancake/f00460_nested_handler_constant_fold.pnk,3,3,53570,9207,3,True
1,Flapjack/Test/OriginalPancake/f00460_nested_handler_constant_fold.pnk,4,26,445115,12113,83,True
1,Flapjack/Test/OriginalPancake/f00460_nested_handler_constant_fold.pnk,5,3,23825,2475,5,True
1,Flapjack/Test/OriginalPancake/f00460_nested_handler_constant_fold.pnk,6,3,11712,1022,5,True
1,Flapjack/Test/OriginalPancake/f00460_nested_handler_constant_fold.pnk,7,4,8466,1282,7,True
1,Flapjack/Test/OriginalPancake/f01451_out_of_range_shift.pnk,3,11,147036,14267,19,True
1,Flapjack/Test/OriginalPancake/f01451_out_of_range_shift.pnk,4,32,849204,14468,63,True
1,Flapjack/Test/OriginalPancake/f00228_copy_share_store.pnk,3,3,59171,8706,3,True
1,Flapjack/Test/OriginalPancake/f00228_copy_share_store.pnk,4,86,5712384,34605,201,True
1,Flapjack/Test/OriginalPancake/f00228_copy_share_store.pnk,5,3,25287,3487,5,True
1,Flapjack/Test/OriginalPancake/f00228_copy_share_store.pnk,6,3,8967,1092,5,True
1,Flapjack/Test/OriginalPancake/f00228_copy_share_store.pnk,7,4,8827,1322,7,True
1,Flapjack/Test/OriginalPancake/f00228_copy_share_store.pnk,8,4,11521,1543,7,True
1,Flapjack/Test/OriginalPancake/input_blob_load_selector.pnk,3,35,770647,22362,67,True
1,Flapjack/Test/OriginalPancake/input_blob_load_selector.pnk,4,10,48992,3457,13,True
1,Flapjack/Test/OriginalPancake/input_blob_load_selector.pnk,5,28,447199,7815,53,True
1,Flapjack/Test/OriginalPancake/input_blob_load_selector.pnk,6,27,335029,7454,51,True
1,Flapjack/Test/OriginalPancake/input_blob_load_selector.pnk,7,23,451868,7925,59,True
1,Flapjack/Test/OriginalPancake/input_blob_load_selector.pnk,8,21,402615,11552,90,True
1,Flapjack/Test/OriginalPancake/gh1039_handled_call_labels.pnk,3,3,25688,4979,3,True
1,Flapjack/Test/OriginalPancake/gh1039_handled_call_labels.pnk,4,3,11401,1493,5,True
1,Flapjack/Test/OriginalPancake/gh1039_handled_call_labels.pnk,5,3,9187,1432,5,True
1,Flapjack/Test/OriginalPancake/gh1039_handled_call_labels.pnk,6,9,95860,5641,31,True
1,Flapjack/Test/OriginalPancake/pxn98_unreach_elim.pnk,3,3,26700,4308,3,True
1,Flapjack/Test/OriginalPancake/pxn98_unreach_elim.pnk,4,3,17002,1984,5,True
1,Flapjack/Test/OriginalPancake/pxn98_unreach_elim.pnk,5,15,129663,6613,29,True
1,Flapjack/Test/OriginalPancake/nested_immediate_carrier.pnk,3,3,28374,4558,3,True
1,Flapjack/Test/OriginalPancake/nested_immediate_carrier.pnk,4,3,13114,1553,5,True
1,Flapjack/Test/OriginalPancake/nested_immediate_carrier.pnk,5,3,14848,1443,5,True
1,Flapjack/Test/OriginalPancake/nested_shift_immediate_carrier.pnk,3,3,25708,4198,3,True
1,Flapjack/Test/OriginalPancake/nested_shift_immediate_carrier.pnk,4,3,11803,1703,5,True
1,Flapjack/Test/OriginalPancake/nested_shift_immediate_carrier.pnk,5,3,10901,1483,5,True
1,Flapjack/Test/OriginalPancake/nested_register_carrier.pnk,3,3,19106,2164,3,True
1,Flapjack/Test/OriginalPancake/nested_register_carrier.pnk,4,4,13776,1843,7,True
1,Flapjack/Test/OriginalPancake/nested_register_carrier.pnk,5,3,12703,1263,5,True
1,Flapjack/Test/OriginalPancake/secp256k1_recover.pnk,3,27,400602,14488,51,True
1,Flapjack/Test/OriginalPancake/secp256k1_recover.pnk,4,3,8175,1343,5,True
1,Flapjack/Test/OriginalPancake/secp256k1_recover.pnk,5,28,475632,7775,53,True
1,Flapjack/Test/OriginalPancake/secp256k1_recover.pnk,6,23,483618,8836,59,True
1,Flapjack/Test/OriginalPancake/secp256k1_recover.pnk,7,3,16762,1342,5,True
1,Flapjack/Test/OriginalPancake/secp256k1_recover.pnk,8,11,62858,3005,19,True
1,Flapjack/Test/OriginalPancake/secp256k1_recover.pnk,9,13,116428,3447,23,True
1,Flapjack/Test/OriginalPancake/secp256k1_recover.pnk,10,19,209503,5300,37,True
1,Flapjack/Test/OriginalPancake/secp256k1_recover.pnk,11,25,620034,11161,91,True
1,Flapjack/Test/OriginalPancake/secp256k1_recover.pnk,12,11,64752,4067,29,True
1,Flapjack/Test/OriginalPancake/secp256k1_recover.pnk,13,11,78127,3797,29,True
1,Flapjack/Test/OriginalPancake/secp256k1_recover.pnk,14,35,581201,12343,101,True
1,Flapjack/Test/OriginalPancake/secp256k1_recover.pnk,15,21,233067,6933,51,True
1,Flapjack/Test/OriginalPancake/secp256k1_recover.pnk,16,11,112411,3988,29,True
1,Flapjack/Test/OriginalPancake/secp256k1_recover.pnk,17,35,1052115,18815,173,True
1,Flapjack/Test/OriginalPancake/secp256k1_recover.pnk,18,63,1266487,18755,115,True
1,Flapjack/Test/OriginalPancake/secp256k1_recover.pnk,19,62,1394979,17002,113,True
1,Flapjack/Test/OriginalPancake/secp256k1_recover.pnk,20,58,1269463,15570,113,True
1,Flapjack/Test/OriginalPancake/secp256k1_recover.pnk,21,53,2054958,25808,235,True
1,Flapjack/Test/OriginalPancake/secp256k1_recover.pnk,22,27,690416,16671,119,True
1,Flapjack/Test/OriginalPancake/secp256k1_recover.pnk,23,39,2585834,36799,332,True
1,Flapjack/Test/OriginalPancake/secp256k1_recover.pnk,24,39,3450147,29916,201,True
1,Flapjack/Test/OriginalPancake/secp256k1_recover.pnk,25,89,3024307,27522,175,True
1,Flapjack/Test/OriginalPancake/secp256k1_recover.pnk,26,45,1734837,24115,103,True
1,Flapjack/Test/OriginalPancake/secp256k1_recover.pnk,27,63,2788104,30187,123,True
1,Flapjack/Test/OriginalPancake/secp256k1_recover.pnk,28,63,1746969,18625,123,True
1,Flapjack/Test/OriginalPancake/secp256k1_recover.pnk,29,64,1623658,20648,155,True
1,Flapjack/Test/OriginalPancake/secp256k1_recover.pnk,30,27,450846,9047,65,True
1,Flapjack/Test/OriginalPancake/secp256k1_recover.pnk,31,10,40255,3046,19,True
1,Flapjack/Test/OriginalPancake/secp256k1_recover.pnk,32,10,39264,2905,19,True
1,Flapjack/Test/OriginalPancake/secp256k1_recover.pnk,33,72,11473609,73618,467,True
1,Flapjack/Test/OriginalPancake/secp256k1_recover.pnk,34,10,52269,4217,19,True
1,Flapjack/Test/OriginalPancake/secp256k1_recover.pnk,35,10,40285,2886,19,True
1,Flapjack/Test/OriginalPancake/secp256k1_recover.pnk,36,10,39274,2815,19,True
1,Flapjack/Test/OriginalPancake/secp256k1_recover.pnk,37,72,11695925,80521,499,True
1,Flapjack/Test/OriginalPancake/secp256k1_recover.pnk,38,10,60223,6001,19,True
1,Flapjack/Test/OriginalPancake/secp256k1_recover.pnk,39,72,1762589,19536,141,True
1,Flapjack/Test/OriginalPancake/secp256k1_recover.pnk,40,72,1900978,22011,141,True
1,Flapjack/Test/OriginalPancake/secp256k1_recover.pnk,41,14,129283,4318,25,True
1,Flapjack/Test/OriginalPancake/secp256k1_recover.pnk,42,112,8352229,34194,233,True
1,Flapjack/Test/OriginalPancake/secp256k1_recover.pnk,43,106,7863061,38843,261,True
1,Flapjack/Test/OriginalPancake/secp256k1_recover.pnk,44,185,36465353,105478,549,True
1,Flapjack/Test/OriginalPancake/secp256k1_recover.pnk,45,458,952109466,382638,1266,True
1,Flapjack/Test/OriginalPancake/secp256k1_recover.pnk,46,129,12685854,70713,277,True
1,Flapjack/Test/OriginalPancake/secp256k1_recover.pnk,47,158,37187068,88335,451,True
1,Flapjack/Test/OriginalPancake/secp256k1_recover.pnk,48,293,136797778,166462,799,True
1,Flapjack/Test/OriginalPancake/f00484_nested_and_store.pnk,3,3,36418,5711,3,True
1,Flapjack/Test/OriginalPancake/f00484_nested_and_store.pnk,4,50,2163872,17853,126,True
1,Flapjack/Test/OriginalPancake/f00484_nested_and_store.pnk,5,3,13295,1573,5,True
1,Flapjack/Test/OriginalPancake/f00484_nested_and_store.pnk,6,3,8806,1052,5,True
1,Flapjack/Test/OriginalPancake/f00484_nested_and_store.pnk,7,4,8917,1303,7,True
1,Flapjack/Test/OriginalPancake/f00484_nested_and_store.pnk,8,4,8225,1233,7,True
1,Flapjack/Test/OriginalPancake/f00232_nested_fold_order.pnk,3,3,17042,2605,3,True
1,Flapjack/Test/OriginalPancake/f00232_nested_fold_order.pnk,4,43,1136323,15900,115,True
1,Flapjack/Test/OriginalPancake/f00232_nested_fold_order.pnk,5,3,13385,1513,5,True
1,Flapjack/Test/OriginalPancake/f00232_nested_fold_order.pnk,6,3,9047,1102,5,True
1,Flapjack/Test/OriginalPancake/f00232_nested_fold_order.pnk,7,4,8977,1362,7,True
1,Flapjack/Test/OriginalPancake/f00232_nested_fold_order.pnk,8,4,8485,1263,7,True
1,Flapjack/Test/OriginalPancake/output_write.pnk,3,3,8607,1733,3,True
1,Flapjack/Test/OriginalPancake/output_write.pnk,4,4,10239,1613,7,True
1,Flapjack/Test/OriginalPancake/output_write.pnk,5,8,145854,6452,54,True
1,Flapjack/Test/OriginalPancake/decs_stcnames.pnk,3,3,8195,1723,3,True
1,Flapjack/Test/OriginalPancake/decs_stcnames.pnk,4,3,7024,1252,5,True
1,Flapjack/Test/OriginalPancake/ffi_constant_false.pnk,3,3,8065,1693,3,True
1,Flapjack/Test/OriginalPancake/ffi_constant_false.pnk,4,11,118022,5941,45,True
1,Flapjack/Test/OriginalPancake/evaluate_decls.pnk,3,11,99818,5871,19,True
1,Flapjack/Test/OriginalPancake/evaluate_decls.pnk,4,3,27262,2374,5,True
1,Flapjack/Test/OriginalPancake/lookup_code.pnk,3,3,8275,1714,3,True
1,Flapjack/Test/OriginalPancake/lookup_code.pnk,4,3,7184,1342,5,True
1,Flapjack/Test/OriginalPancake/lookup_code.pnk,5,3,6051,1032,5,True
1,Flapjack/Test/OriginalPancake/semantics_decls.pnk,3,11,68799,3857,19,True
1,Flapjack/Test/OriginalPancake/semantics_decls.pnk,4,3,15670,1252,5,True
1,Flapjack/Test/OriginalPancake/upd_locals.pnk,3,3,7664,1643,3,True
1,Flapjack/Test/OriginalPancake/upd_locals.pnk,4,3,6933,1292,5,True
1,Flapjack/Test/OriginalPancake/upd_locals.pnk,5,3,5901,1062,5,True
1,Flapjack/Test/OriginalPancake/f00097_ssa_unmapped_zero.pnk,3,3,9387,1914,3,True
1,Flapjack/Test/OriginalPancake/f00097_ssa_unmapped_zero.pnk,4,33,618140,15188,85,True
1,Flapjack/Test/OriginalPancake/f00097_ssa_unmapped_zero.pnk,5,3,11382,1803,5,True
1,Flapjack/Test/OriginalPancake/f00097_ssa_unmapped_zero.pnk,6,3,6743,1282,5,True
1,Flapjack/Test/OriginalPancake/f00097_ssa_unmapped_zero.pnk,7,4,9007,1352,7,True
1,Flapjack/Test/OriginalPancake/stack_args_overflow_slots.pnk,3,3,33694,5981,3,True
1,Flapjack/Test/OriginalPancake/stack_args_overflow_slots.pnk,4,33,674507,10239,67,True
1,Flapjack/Test/OriginalPancake/stack_args_overflow_slots.pnk,5,3,8897,1503,5,True
1,Flapjack/Test/OriginalPancake/stack_args_overflow_slots.pnk,6,3,5590,982,5,True
1,Flapjack/Test/OriginalPancake/stack_args_overflow_slots.pnk,7,3,5381,941,5,True
1,Flapjack/Test/OriginalPancake/stack_args_overflow_slots.pnk,8,84,4924264,43631,167,True
1,Flapjack/Test/OriginalPancake/stack_args_overflow_slots.pnk,9,90,3979190,31028,179,True
1,Flapjack/Test/OriginalPancake/stack_args_overflow_slots.pnk,10,102,7321344,53470,203,True
1,Flapjack/Test/OriginalPancake/wide_constants_boundaries.pnk,3,3,40145,6282,3,True
1,Flapjack/Test/OriginalPancake/wide_constants_boundaries.pnk,4,47,2430894,17873,103,True
1,Flapjack/Test/OriginalPancake/wide_constants_boundaries.pnk,5,3,11070,1573,5,True
1,Flapjack/Test/OriginalPancake/wide_constants_boundaries.pnk,6,3,5500,1042,5,True
1,Flapjack/Test/OriginalPancake/wide_constants_boundaries.pnk,7,3,5360,1032,5,True
1,Flapjack/Test/OriginalPancake/wide_constants_boundaries.pnk,8,3,5300,1022,5,True
1,Flapjack/Test/OriginalPancake/wide_constants_boundaries.pnk,9,3,5279,1012,5,True
1,Flapjack/Test/OriginalPancake/wide_constants_boundaries.pnk,10,3,5230,1042,5,True
1,Flapjack/Test/OriginalPancake/wide_constants_boundaries.pnk,11,3,5290,1012,5,True
1,Flapjack/Test/OriginalPancake/nested_shape_22_fields.pnk,3,3,46968,7734,3,True
1,Flapjack/Test/OriginalPancake/nested_shape_22_fields.pnk,4,3,15098,1934,5,True
1,Flapjack/Test/OriginalPancake/nested_shape_22_fields.pnk,5,69,79670,9107,5,True
1,Flapjack/Test/OriginalPancake/gh1049_stack_alloc.pnk,3,3,34745,5561,3,True
1,Flapjack/Test/OriginalPancake/gh1049_stack_alloc.pnk,4,17,162615,5481,31,True
1,Flapjack/Test/OriginalPancake/gh1049_stack_alloc.pnk,5,3,8636,1493,5,True
1,Flapjack/Test/OriginalPancake/f00634_dead_raise.pnk,3,11,112591,9308,19,True
1,Flapjack/Test/OriginalPancake/f00634_dead_raise.pnk,4,46,1859802,18064,130,True
1,Flapjack/Test/OriginalPancake/f00634_dead_raise.pnk,5,3,10259,1453,5,True
1,Flapjack/Test/OriginalPancake/f01266_raise_live_continuation.pnk,3,3,22832,4178,3,True
1,Flapjack/Test/OriginalPancake/f01266_raise_live_continuation.pnk,4,34,597963,13505,103,True
1,Flapjack/Test/OriginalPancake/f01266_raise_live_continuation.pnk,5,3,11281,1272,5,True
1,Flapjack/Test/OriginalPancake/ordinary_subword_offsets.pnk,3,3,18445,2985,3,True
1,Flapjack/Test/OriginalPancake/ordinary_subword_offsets.pnk,4,27,373512,7814,53,True
1,Flapjack/Test/OriginalPancake/odd_halfword_offset.pnk,3,3,15009,2594,3,True
1,Flapjack/Test/OriginalPancake/odd_halfword_offset.pnk,4,3,8286,1242,5,True
1,Flapjack/Test/OriginalPancake/odd_halfword_offset.pnk,5,13,65563,3667,23,True
1,Flapjack/Test/OriginalPancake/current_heap_or.pnk,3,3,8847,1693,3,True
1,Flapjack/Test/OriginalPancake/current_heap_or.pnk,4,3,10981,1142,5,True
1,Flapjack/Test/OriginalPancake/ready_last_argument_permutation.pnk,3,3,17422,2876,3,True
1,Flapjack/Test/OriginalPancake/ready_last_argument_permutation.pnk,4,20,201328,6181,39,True
1,Flapjack/Test/OriginalPancake/ready_last_argument_permutation.pnk,5,3,11672,1172,5,True
1,Flapjack/Test/OriginalPancake/store_offset_boundaries.pnk,3,3,19336,3767,3,True
1,Flapjack/Test/OriginalPancake/store_offset_boundaries.pnk,4,3,9889,1392,5,True
1,Flapjack/Test/OriginalPancake/store_offset_boundaries.pnk,5,27,272351,7444,51,True
1,Flapjack/Test/OriginalPancake/allocator_frame_handler_min.pnk,3,3,17523,2915,3,True
1,Flapjack/Test/OriginalPancake/allocator_frame_handler_min.pnk,4,21,444183,11682,94,True
1,Flapjack/Test/OriginalPancake/allocator_frame_handler_min.pnk,5,3,12344,1292,5,True
1,Flapjack/Test/OriginalPancake/allocator_frame_handler_min.pnk,6,4,9168,1342,7,True
1,Flapjack/Test/OriginalPancake/localise_load32_shadow.pnk,3,11,74860,4629,19,True
1,Flapjack/Test/OriginalPancake/localise_load32_shadow.pnk,4,3,7123,1192,5,True
1,Flapjack/Test/OriginalPancake/localise_load32_shadow.pnk,5,7,34675,1834,9,True
1,Flapjack/Test/OriginalPancake/localise_store32_shadow.pnk,3,11,73158,4308,19,True
1,Flapjack/Test/OriginalPancake/localise_store32_shadow.pnk,4,3,6643,1172,5,True
1,Flapjack/Test/OriginalPancake/localise_store32_shadow.pnk,5,9,47940,2445,13,True
1,Flapjack/Test/OriginalPancake/gh1126_load32_store32.pnk,3,11,72727,4358,19,True
1,Flapjack/Test/OriginalPancake/gh1126_load32_store32.pnk,4,3,6582,1102,5,True
1,Flapjack/Test/OriginalPancake/gh1126_load32_store32.pnk,5,7,33533,1843,9,True
1,Flapjack/Test/OriginalPancake/gh1126_load32_store32.pnk,6,9,43531,2305,13,True
1,Flapjack/Test/OriginalPancake/f01266_raise_continuation.pnk,3,3,26049,4739,3,True
1,Flapjack/Test/OriginalPancake/f01266_raise_continuation.pnk,4,34,595148,14216,103,True
1,Flapjack/Test/OriginalPancake/f01266_raise_continuation.pnk,5,3,16952,1723,5,True
1,Flapjack/Test/OriginalPancake/const_store_reuse.pnk,3,3,19156,2975,3,True
1,Flapjack/Test/OriginalPancake/const_store_reuse.pnk,4,11,55665,3116,19,True
1,Flapjack/Test/OriginalPancake/gh1127_local_store_base.pnk,3,3,17573,2805,3,True
1,Flapjack/Test/OriginalPancake/gh1127_local_store_base.pnk,4,11,47028,3206,19,True
1,Flapjack/Test/OriginalPancake/f84_frame_allocator.pnk,3,3,27161,4439,3,True
1,Flapjack/Test/OriginalPancake/f84_frame_allocator.pnk,4,26,310583,6923,43,True
1,Flapjack/Test/OriginalPancake/f84_frame_allocator.pnk,5,3,13686,1383,5,True
1,Flapjack/Test/OriginalPancake/f84_frame_allocator.pnk,6,3,8316,1062,5,True
1,Flapjack/Test/OriginalPancake/f84_frame_allocator.pnk,7,4,8746,1263,7,True
1,Flapjack/Test/OriginalPancake/f84_frame_allocator.pnk,8,4,8396,1222,7,True
1,Flapjack/Test/OriginalPancake/currheap_add_const.pnk,3,3,18946,2535,3,True
1,Flapjack/Test/OriginalPancake/currheap_add_const.pnk,4,3,11482,1092,5,True
1,Flapjack/Test/OriginalPancake/currheap_sub_zero.pnk,3,3,15499,2245,3,True
1,Flapjack/Test/OriginalPancake/currheap_sub_zero.pnk,4,3,11622,1092,5,True
1,Flapjack/Test/OriginalPancake/nested_currheap_xor.pnk,3,3,15800,2424,3,True
1,Flapjack/Test/OriginalPancake/nested_currheap_xor.pnk,4,3,16321,1112,5,True
1,Flapjack/Test/OriginalPancake/currheap_const_left.pnk,3,3,13295,2134,3,True
1,Flapjack/Test/OriginalPancake/currheap_const_left.pnk,4,3,12343,1092,5,True
1,Flapjack/Test/OriginalPancake/nested_handler_condition.pnk,3,3,18985,2876,3,True
1,Flapjack/Test/OriginalPancake/nested_handler_condition.pnk,4,21,320311,12884,107,True
1,Flapjack/Test/OriginalPancake/nested_handler_condition.pnk,5,3,13335,1453,5,True
1,Flapjack/Test/OriginalPancake/nested_handler_condition.pnk,6,4,8837,1282,7,True
1,Flapjack/Test/OriginalPancake/nested_currheap_xor.pnk,3,3,19747,2705,3,True
1,Flapjack/Test/OriginalPancake/nested_currheap_xor.pnk,4,3,16361,1052,5,True
1,Flapjack/Test/OriginalPancake/annotation_comments.pnk,3,3,14827,2635,3,True
1,Flapjack/Test/OriginalPancake/annotation_comments.pnk,4,12,54552,3267,17,True
1,Flapjack/Test/OriginalPancake/annotation_comments.pnk,5,3,9919,1142,5,True
1,Flapjack/Test/OriginalPancake/nested_handler_comparison.pnk,3,3,15960,3165,3,True
1,Flapjack/Test/OriginalPancake/nested_handler_comparison.pnk,4,10,145433,7624,61,True
1,Flapjack/Test/OriginalPancake/nested_handler_comparison.pnk,5,3,10911,1202,5,True
1,Flapjack/Test/OriginalPancake/and_comparison_handler.pnk,3,3,17833,3076,3,True
1,Flapjack/Test/OriginalPancake/and_comparison_handler.pnk,4,9,157285,8466,71,True
1,Flapjack/Test/OriginalPancake/and_comparison_handler.pnk,5,3,12373,1232,5,True
1,Flapjack/Test/OriginalPancake/ld8_currheap_offset.pnk,3,3,14988,2445,3,True
1,Flapjack/Test/OriginalPancake/ld8_currheap_offset.pnk,4,7,27572,2004,11,True
1,Flapjack/Test/OriginalPancake/currheap_load_large_offset.pnk,3,3,14767,1984,3,True
1,Flapjack/Test/OriginalPancake/currheap_load_large_offset.pnk,4,3,12283,1122,5,True
1,Flapjack/Test/OriginalPancake/f480_out_of_range_struct.pnk,3,11,89077,6793,19,True
1,Flapjack/Test/OriginalPancake/f480_out_of_range_struct.pnk,4,33,735100,14727,63,True
1,Flapjack/Test/OriginalPancake/f480_out_of_range_struct.pnk,5,4,19316,2645,7,True
1,Flapjack/Test/OriginalPancake/f480_out_of_range_struct.pnk,6,4,8686,1293,7,True
1,Flapjack/Test/OriginalPancake/f860_try_loop_large_constant.pnk,3,3,46256,7955,3,True
1,Flapjack/Test/OriginalPancake/f860_try_loop_large_constant.pnk,4,45,2734534,38853,136,True
1,Flapjack/Test/OriginalPancake/f860_try_loop_large_constant.pnk,5,3,28424,3867,5,True
1,Flapjack/Test/OriginalPancake/f860_try_loop_large_constant.pnk,6,3,17072,2044,5,True
1,Flapjack/Test/OriginalPancake/f860_try_loop_large_constant.pnk,7,4,16952,2655,7,True
1,Flapjack/Test/OriginalPancake/f860_try_loop_large_constant.pnk,8,4,14988,2244,7,True
1,Flapjack/Test/OriginalPancake/f00108_handler_spill_slot.pnk,3,11,83356,5801,19,True
1,Flapjack/Test/OriginalPancake/f00108_handler_spill_slot.pnk,4,57,3456178,61095,230,True
1,Flapjack/Test/OriginalPancake/f00108_handler_spill_slot.pnk,5,3,20158,2114,5,True
1,Flapjack/Test/OriginalPancake/f00108_handler_spill_slot.pnk,6,3,17683,1823,5,True
1,Flapjack/Test/OriginalPancake/f00108_handler_spill_slot.pnk,7,4,13675,2094,7,True
1,Flapjack/Test/OriginalPancake/f00108_handler_spill_slot.pnk,8,4,13235,2204,7,True
1,Flapjack/Test/OriginalPancake/f00103_fuzz_global_struct_loop.pnk,3,3,41027,7865,3,True
1,Flapjack/Test/OriginalPancake/f00103_fuzz_global_struct_loop.pnk,4,117,12883505,46508,278,True
1,Flapjack/Test/OriginalPancake/f00103_fuzz_global_struct_loop.pnk,5,3,30077,4268,5,True
1,Flapjack/Test/OriginalPancake/f00103_fuzz_global_struct_loop.pnk,6,3,10670,1243,5,True
1,Flapjack/Test/OriginalPancake/f00103_fuzz_global_struct_loop.pnk,7,4,9277,1383,7,True
1,Flapjack/Test/OriginalPancake/f00103_fuzz_global_struct_loop.pnk,8,4,8375,1283,7,True
1,Flapjack/Test/OriginalPancake/f00114_fuzz_global_pressure.pnk,3,3,37721,6422,3,True
1,Flapjack/Test/OriginalPancake/f00114_fuzz_global_pressure.pnk,4,77,14364425,73367,540,True
1,Flapjack/Test/OriginalPancake/f00114_fuzz_global_pressure.pnk,5,3,62428,8696,5,True
1,Flapjack/Test/OriginalPancake/f00114_fuzz_global_pressure.pnk,6,3,20749,2174,5,True
1,Flapjack/Test/OriginalPancake/f00114_fuzz_global_pressure.pnk,7,4,8926,1413,7,True
1,Flapjack/Test/OriginalPancake/f00114_fuzz_global_pressure.pnk,8,4,8416,1202,7,True
1,Flapjack/Test/OriginalPancake/f00278_fuzz_global_struct_handler.pnk,3,3,47700,7745,3,True
1,Flapjack/Test/OriginalPancake/f00278_fuzz_global_struct_handler.pnk,4,149,41312653,83997,616,True
1,Flapjack/Test/OriginalPancake/f00278_fuzz_global_struct_handler.pnk,5,3,32271,5009,5,True
1,Flapjack/Test/OriginalPancake/f00278_fuzz_global_struct_handler.pnk,6,3,12984,1533,5,True
1,Flapjack/Test/OriginalPancake/f00278_fuzz_global_struct_handler.pnk,7,4,9788,1473,7,True
1,Flapjack/Test/OriginalPancake/f00278_fuzz_global_struct_handler.pnk,8,4,8526,1282,7,True
1,Flapjack/Test/OriginalPancake/f00268_fuzz_high_pressure_handler.pnk,3,3,37992,7544,3,True
1,Flapjack/Test/OriginalPancake/f00268_fuzz_high_pressure_handler.pnk,4,193,137060411,220133,866,True
1,Flapjack/Test/OriginalPancake/f00268_fuzz_high_pressure_handler.pnk,5,3,77536,8686,5,True
1,Flapjack/Test/OriginalPancake/f00268_fuzz_high_pressure_handler.pnk,6,3,25228,3066,5,True
1,Flapjack/Test/OriginalPancake/f00268_fuzz_high_pressure_handler.pnk,7,4,15990,2294,7,True
1,Flapjack/Test/OriginalPancake/f00268_fuzz_high_pressure_handler.pnk,8,4,14166,2184,7,True
1,Flapjack/Test/OriginalPancake/f00000_fuzz_global_pressure_20261015.pnk,3,3,42109,6232,3,True
1,Flapjack/Test/OriginalPancake/f00000_fuzz_global_pressure_20261015.pnk,4,100,5253652,34344,215,True
1,Flapjack/Test/OriginalPancake/f00000_fuzz_global_pressure_20261015.pnk,5,3,37921,4158,5,True
1,Flapjack/Test/OriginalPancake/f00000_fuzz_global_pressure_20261015.pnk,6,3,9608,1062,5,True
1,Flapjack/Test/OriginalPancake/f00000_fuzz_global_pressure_20261015.pnk,7,4,13826,1442,7,True
1,Flapjack/Test/OriginalPancake/f00000_fuzz_global_pressure_20261015.pnk,8,4,8245,1233,7,True
1,Flapjack/Test/OriginalPancake/f00002_fuzz_pressure_20261017.pnk,3,3,33312,5581,3,True
1,Flapjack/Test/OriginalPancake/f00002_fuzz_pressure_20261017.pnk,4,60,4867487,29646,207,True
1,Flapjack/Test/OriginalPancake/f00002_fuzz_pressure_20261017.pnk,5,3,28283,3817,5,True
1,Flapjack/Test/OriginalPancake/f00002_fuzz_pressure_20261017.pnk,6,3,9057,1042,5,True
1,Flapjack/Test/OriginalPancake/f00002_fuzz_pressure_20261017.pnk,7,4,9097,1313,7,True
1,Flapjack/Test/OriginalPancake/f00002_fuzz_pressure_20261017.pnk,8,4,8436,1282,7,True
1,Flapjack/Test/OriginalPancake/f00226_fuzz_nested_pressure_20261017.pnk,3,3,39795,6632,3,True
1,Flapjack/Test/OriginalPancake/f00226_fuzz_nested_pressure_20261017.pnk,4,119,21201058,118824,531,True
1,Flapjack/Test/OriginalPancake/f00226_fuzz_nested_pressure_20261017.pnk,5,3,57668,6833,5,True
1,Flapjack/Test/OriginalPancake/f00226_fuzz_nested_pressure_20261017.pnk,6,3,12644,1583,5,True
1,Flapjack/Test/OriginalPancake/f00226_fuzz_nested_pressure_20261017.pnk,7,4,10049,1633,7,True
1,Flapjack/Test/OriginalPancake/f00226_fuzz_nested_pressure_20261017.pnk,8,4,8816,1303,7,True
1,Flapjack/Test/OriginalPancake/f00209_fuzz_global_pressure_20261018.pnk,3,11,145984,11642,19,True
1,Flapjack/Test/OriginalPancake/f00209_fuzz_global_pressure_20261018.pnk,4,93,20064675,142788,585,True
1,Flapjack/Test/OriginalPancake/f00209_fuzz_global_pressure_20261018.pnk,5,3,68368,7725,5,True
1,Flapjack/Test/OriginalPancake/f00209_fuzz_global_pressure_20261018.pnk,6,3,12153,1283,5,True
1,Flapjack/Test/OriginalPancake/f00209_fuzz_global_pressure_20261018.pnk,7,4,15389,1543,7,True
1,Flapjack/Test/OriginalPancake/f00209_fuzz_global_pressure_20261018.pnk,8,4,12924,2164,7,True
1,Flapjack/Test/OriginalPancake/f00413_fuzz_pressure_20261019.pnk,3,3,44153,7825,3,True
1,Flapjack/Test/OriginalPancake/f00413_fuzz_pressure_20261019.pnk,4,179,63586164,205776,891,True
1,Flapjack/Test/OriginalPancake/f00413_fuzz_pressure_20261019.pnk,5,3,74350,7674,5,True
1,Flapjack/Test/OriginalPancake/f00413_fuzz_pressure_20261019.pnk,6,3,16080,1954,5,True
1,Flapjack/Test/OriginalPancake/f00413_fuzz_pressure_20261019.pnk,7,4,13435,1943,7,True
1,Flapjack/Test/OriginalPancake/f00413_fuzz_pressure_20261019.pnk,8,4,13015,1953,7,True
1,Flapjack/Test/OriginalPancake/f00003_fuzz_global_pressure_20260927.pnk,3,11,110888,9728,19,True
1,Flapjack/Test/OriginalPancake/f00003_fuzz_global_pressure_20260927.pnk,4,244,157656474,180249,1035,True
1,Flapjack/Test/OriginalPancake/f00003_fuzz_global_pressure_20260927.pnk,5,3,63028,6873,5,True
1,Flapjack/Test/OriginalPancake/f00003_fuzz_global_pressure_20260927.pnk,6,3,12423,1493,5,True
1,Flapjack/Test/OriginalPancake/f00003_fuzz_global_pressure_20260927.pnk,7,4,9598,1363,7,True
1,Flapjack/Test/OriginalPancake/f00003_fuzz_global_pressure_20260927.pnk,8,4,8596,1232,7,True
1,Flapjack/Test/OriginalPancake/f00080_fuzz_pressure_20260923.pnk,3,3,39454,5961,3,True
1,Flapjack/Test/OriginalPancake/f00080_fuzz_pressure_20260923.pnk,4,44,5456403,57939,489,True
1,Flapjack/Test/OriginalPancake/f00080_fuzz_pressure_20260923.pnk,5,3,57498,412855,5,True
1,Flapjack/Test/OriginalPancake/f00080_fuzz_pressure_20260923.pnk,6,3,28544,2074,5,True
1,Flapjack/Test/OriginalPancake/f00080_fuzz_pressure_20260923.pnk,7,4,11391,1623,7,True
1,Flapjack/Test/OriginalPancake/f00080_fuzz_pressure_20260923.pnk,8,4,8656,1302,7,True
1,Flapjack/Test/OriginalPancake/f00017_fuzz_allocator_20260923.pnk,3,11,102001,8266,19,True
1,Flapjack/Test/OriginalPancake/f00017_fuzz_allocator_20260923.pnk,4,3,7354,1313,5,True
1,Flapjack/Test/OriginalPancake/f00017_fuzz_allocator_20260923.pnk,5,7,19447,4218,11,True
1,Flapjack/Test/OriginalPancake/f00017_fuzz_allocator_20260923.pnk,6,23,423645,8376,59,True
1,Flapjack/Test/OriginalPancake/f00017_fuzz_allocator_20260923.pnk,7,10,41117,2986,17,True
1,Flapjack/Test/OriginalPancake/f00017_fuzz_allocator_20260923.pnk,8,8,161383,6503,54,True
1,Flapjack/Test/OriginalPancake/f00017_fuzz_allocator_20260923.pnk,9,25,556073,7615,51,True
1,Flapjack/Test/OriginalPancake/f00017_fuzz_allocator_20260923.pnk,10,73,2726288,22372,143,True
1,Flapjack/Test/OriginalPancake/f00017_fuzz_allocator_20260923.pnk,11,65,1731361,18785,127,True
1,Flapjack/Test/OriginalPancake/f00017_fuzz_allocator_20260923.pnk,12,42,3800584,43973,362,True
1,Flapjack/Test/OriginalPancake/f00333_fuzz_frame_pressure_20260924.pnk,3,3,42801,7654,3,True
1,Flapjack/Test/OriginalPancake/f00333_fuzz_frame_pressure_20260924.pnk,4,196,117474885,177062,874,True
1,Flapjack/Test/OriginalPancake/f00333_fuzz_frame_pressure_20260924.pnk,5,3,63429,7374,5,True
1,Flapjack/Test/OriginalPancake/f00333_fuzz_frame_pressure_20260924.pnk,6,3,12423,1313,5,True
1,Flapjack/Test/OriginalPancake/f00333_fuzz_frame_pressure_20260924.pnk,7,4,9678,1433,7,True
1,Flapjack/Test/OriginalPancake/f00333_fuzz_frame_pressure_20260924.pnk,8,4,8556,1262,7,True
1,Flapjack/Test/OriginalPancake/f00217_fuzz_allocator_20260928.pnk,3,3,44434,6241,3,True
1,Flapjack/Test/OriginalPancake/f00217_fuzz_allocator_20260928.pnk,4,39,2102056,30378,131,True
1,Flapjack/Test/OriginalPancake/f00217_fuzz_allocator_20260928.pnk,5,3,29295,4318,5,True
1,Flapjack/Test/OriginalPancake/f00217_fuzz_allocator_20260928.pnk,6,3,16942,2144,5,True
1,Flapjack/Test/OriginalPancake/f00217_fuzz_allocator_20260928.pnk,7,4,14087,2184,7,True
1,Flapjack/Test/OriginalPancake/f00217_fuzz_allocator_20260928.pnk,8,4,13706,2094,7,True
1,Flapjack/Test/OriginalPancake/f00276_fuzz_frame_allocator_20260928.pnk,3,3,48441,7995,3,True
1,Flapjack/Test/OriginalPancake/f00276_fuzz_frame_allocator_20260928.pnk,4,40,3209996,60924,341,True
1,Flapjack/Test/OriginalPancake/f00276_fuzz_frame_allocator_20260928.pnk,5,3,33543,4819,5,True
1,Flapjack/Test/OriginalPancake/f00276_fuzz_frame_allocator_20260928.pnk,6,3,13235,1793,5,True
1,Flapjack/Test/OriginalPancake/f00276_fuzz_frame_allocator_20260928.pnk,7,4,13145,2024,7,True
1,Flapjack/Test/OriginalPancake/f00276_fuzz_frame_allocator_20260928.pnk,8,4,12554,1964,7,True
1,Flapjack/Test/OriginalPancake/p8_frame_pressure.pnk,3,3,24786,3647,3,True
1,Flapjack/Test/OriginalPancake/p8_frame_pressure.pnk,4,27,547808,14197,51,True
1,Flapjack/Test/OriginalPancake/p8_frame_pressure.pnk,5,4,17603,2204,7,True
1,Flapjack/Test/OriginalPancake/p8_frame_pressure.pnk,6,3,8436,1533,5,True
1,Flapjack/Test/OriginalPancake/frame_cross_call.pnk,3,3,23514,3747,3,True
1,Flapjack/Test/OriginalPancake/frame_cross_call.pnk,4,19,176021,7243,29,True
1,Flapjack/Test/OriginalPancake/frame_cross_call.pnk,5,5,30628,2685,9,True
1,Flapjack/Test/OriginalPancake/frame_cross_call.pnk,6,3,8907,1563,5,True
1,Flapjack/Test/OriginalPancake/gh1127_local_store_constant.pnk,3,3,15539,2174,3,True
1,Flapjack/Test/OriginalPancake/gh1127_local_store_constant.pnk,4,11,70412,5120,19,True
1,Flapjack/Test/OriginalPancake/gh1127_local_store_constant_five.pnk,3,3,15499,2675,3,True
1,Flapjack/Test/OriginalPancake/gh1127_local_store_constant_five.pnk,4,11,73178,4358,19,True
1,Flapjack/Test/OriginalPancake/odd_subword_offset.pnk,3,3,16140,2795,3,True
1,Flapjack/Test/OriginalPancake/odd_subword_offset.pnk,4,7,38463,3266,11,True
1,Flapjack/Test/OriginalPancake/riscv_narrow_lower_offset.pnk,3,3,20659,3507,3,True
1,Flapjack/Test/OriginalPancake/riscv_narrow_lower_offset.pnk,4,9,70182,4138,15,True
1,scripts/parity-difffuzz-findings/bitmap-min/case.pnk,3,3,24816,3978,3,True
1,scripts/parity-difffuzz-findings/bitmap-min/case.pnk,4,18,222979,7845,31,True
1,scripts/parity-difffuzz-findings/bitmap-min/case.pnk,5,4,16010,2445,7,True
1,scripts/parity-difffuzz-findings/bitmap-min/case.pnk,6,3,7875,1453,5,True
1,scripts/parity-difffuzz-findings/ffi-min/case.pnk,3,3,12944,2385,3,True
1,scripts/parity-difffuzz-findings/ffi-min/case.pnk,4,12,74460,4187,21,True
1,scripts/parity-difffuzz-findings/frame-occupancy/p9.pnk,3,3,16701,3757,3,True
1,scripts/parity-difffuzz-findings/frame-occupancy/p9.pnk,4,18,222357,9107,31,True
1,scripts/parity-difffuzz-findings/frame-occupancy/p9.pnk,5,4,18836,2785,7,True
1,scripts/parity-difffuzz-findings/frame-occupancy/p9.pnk,6,3,8386,1593,5,True
1,scripts/parity-difffuzz-findings/frame-occupancy/live1.pnk,3,3,23504,6302,3,True
1,scripts/parity-difffuzz-findings/frame-occupancy/live1.pnk,4,18,212539,7895,31,True
1,scripts/parity-difffuzz-findings/frame-occupancy/live1.pnk,5,4,15970,2365,7,True
1,scripts/parity-difffuzz-findings/frame-occupancy/live1.pnk,6,3,8235,1623,5,True
1,scripts/parity-difffuzz-findings/frame-occupancy/live3.pnk,3,3,32882,7664,3,True
1,scripts/parity-difffuzz-findings/frame-occupancy/live3.pnk,4,36,955614,22322,71,True
1,scripts/parity-difffuzz-findings/frame-occupancy/live3.pnk,5,4,18424,2515,7,True
1,scripts/parity-difffuzz-findings/frame-occupancy/live3.pnk,6,3,8115,1543,5,True
2,Flapjack/Test/OriginalPancake/f01189_ffi_stub_order.pnk,3,3,58259,15630,3,True
2,Flapjack/Test/OriginalPancake/f01189_ffi_stub_order.pnk,4,3,13696,1372,5,True
2,Flapjack/Test/OriginalPancake/f01189_ffi_stub_order.pnk,5,70,2128743,26419,137,True
2,Flapjack/Test/OriginalPancake/f01189_ffi_stub_order.pnk,6,63,1746554,26510,123,True
2,Flapjack/Test/OriginalPancake/f01189_ffi_stub_order.pnk,7,54,1069190,17453,105,True
2,Flapjack/Test/OriginalPancake/ffi_halt_order.pnk,3,3,23083,3697,3,True
2,Flapjack/Test/OriginalPancake/ffi_halt_order.pnk,4,21,188515,5610,39,True
2,Flapjack/Test/OriginalPancake/f00068_allocator_return.pnk,3,3,10169,2014,3,True
2,Flapjack/Test/OriginalPancake/f00068_allocator_return.pnk,4,74,4383793,29957,237,True
2,Flapjack/Test/OriginalPancake/f00068_allocator_return.pnk,5,3,15569,1864,5,True
2,Flapjack/Test/OriginalPancake/f00068_allocator_return.pnk,6,3,10099,1282,5,True
2,Flapjack/Test/OriginalPancake/f00068_allocator_return.pnk,7,4,9067,1412,7,True
2,Flapjack/Test/OriginalPancake/f00068_allocator_return.pnk,8,4,8265,1242,7,True
2,Flapjack/Test/OriginalPancake/f00068_throwminimal3.pnk,3,3,8236,1683,3,True
2,Flapjack/Test/OriginalPancake/f00068_throwminimal3.pnk,4,30,599708,11862,89,True
2,Flapjack/Test/OriginalPancake/f00068_throwminimal3.pnk,5,3,11902,1393,5,True
2,Flapjack/Test/OriginalPancake/f00068_throwminimal3.pnk,6,3,8486,1012,5,True
2,Flapjack/Test/OriginalPancake/empty_locals.pnk,3,3,7615,1683,3,True
2,Flapjack/Test/OriginalPancake/empty_locals.pnk,4,2,3526,912,3,True
2,Flapjack/Test/OriginalPancake/empty_locals.pnk,5,3,6372,1032,5,True
2,Flapjack/Test/OriginalPancake/dec_clock.pnk,3,3,7103,1493,3,True
2,Flapjack/Test/OriginalPancake/dec_clock.pnk,4,4,8927,1382,7,True
2,Flapjack/Test/OriginalPancake/const_return.pnk,3,3,6753,1483,3,True
2,Flapjack/Test/OriginalPancake/const_return.pnk,4,3,6332,1082,5,True
2,Flapjack/Test/OriginalPancake/crep_op.pnk,3,3,11031,2364,3,True
2,Flapjack/Test/OriginalPancake/crep_op.pnk,4,3,10369,1704,5,True
2,Flapjack/Test/OriginalPancake/set_globals.pnk,3,11,67397,4017,19,True
2,Flapjack/Test/OriginalPancake/set_globals.pnk,4,3,15860,1332,5,True
2,Flapjack/Test/OriginalPancake/recursive_global_main.pnk,3,11,69641,4077,19,True
2,Flapjack/Test/OriginalPancake/recursive_global_main.pnk,4,8,88797,5490,41,True
2,Flapjack/Test/OriginalPancake/set_var.pnk,3,3,7504,1613,3,True
2,Flapjack/Test/OriginalPancake/set_var.pnk,4,7,12042,1723,7,True
2,Flapjack/Test/OriginalPancake/bitmap_calls.pnk,3,3,7434,1623,3,True
2,Flapjack/Test/OriginalPancake/bitmap_calls.pnk,4,3,6502,1152,5,True
2,Flapjack/Test/OriginalPancake/bitmap_calls.pnk,5,13,84569,4078,25,True
2,Flapjack/Test/OriginalPancake/entry_order.pnk,3,3,6833,1583,3,True
2,Flapjack/Test/OriginalPancake/entry_order.pnk,4,2,3406,872,3,True
2,Flapjack/Test/OriginalPancake/entry_order.pnk,5,3,6102,1022,5,True
2,Flapjack/Test/OriginalPancake/entry_order.pnk,6,3,5360,972,5,True
2,Flapjack/Test/OriginalPancake/shadowing.pnk,3,11,68018,3877,19,True
2,Flapjack/Test/OriginalPancake/shadowing.pnk,4,2,4648,1143,3,True
2,Flapjack/Test/OriginalPancake/shadowing.pnk,5,3,6482,1032,5,True
2,Flapjack/Test/OriginalPancake/shadowing.pnk,6,10,36298,2585,13,True
2,Flapjack/Test/OriginalPancake/nested_expression.pnk,3,3,8236,1723,3,True
2,Flapjack/Test/OriginalPancake/nested_expression.pnk,4,30,430510,8736,57,True
2,Flapjack/Test/OriginalPancake/nested_expression_deep.pnk,3,3,34054,5390,3,True
2,Flapjack/Test/OriginalPancake/nested_expression_deep.pnk,4,34,539906,9137,65,True
2,Flapjack/Test/OriginalPancake/nested_expression_sub.pnk,3,3,15029,2605,3,True
2,Flapjack/Test/OriginalPancake/nested_expression_sub.pnk,4,20,132379,5300,37,True
2,Flapjack/Test/OriginalPancake/wide_constants.pnk,3,3,7805,1603,3,True
2,Flapjack/Test/OriginalPancake/wide_constants.pnk,4,5,10640,1392,7,True
2,Flapjack/Test/OriginalPancake/dup_global.pnk,3,19,169799,5871,35,True
2,Flapjack/Test/OriginalPancake/dup_global.pnk,4,3,15940,1363,5,True
2,Flapjack/Test/OriginalPancake/nomain_global.pnk,3,11,63239,3587,19,True
2,Flapjack/Test/OriginalPancake/nomain_global.pnk,4,3,6422,1182,5,True
2,Flapjack/Test/OriginalPancake/callee_abi.pnk,3,3,7524,1503,3,True
2,Flapjack/Test/OriginalPancake/callee_abi.pnk,4,12,73879,3477,21,True
2,Flapjack/Test/OriginalPancake/callee_abi.pnk,5,3,9278,1072,5,True
2,Flapjack/Test/OriginalPancake/relational_condition.pnk,3,3,7364,1553,3,True
2,Flapjack/Test/OriginalPancake/relational_condition.pnk,4,3,6813,1182,5,True
2,Flapjack/Test/OriginalPancake/relational_condition.pnk,5,11,65553,4018,29,True
2,Flapjack/Test/OriginalPancake/conditional_comparators.pnk,3,3,13846,2605,3,True
2,Flapjack/Test/OriginalPancake/conditional_comparators.pnk,4,40,946459,17253,83,True
2,Flapjack/Test/OriginalPancake/conditional_comparators.pnk,5,11,72306,4519,29,True
2,Flapjack/Test/OriginalPancake/conditional_comparators.pnk,6,11,65563,3847,29,True
2,Flapjack/Test/OriginalPancake/conditional_comparators.pnk,7,11,62297,3918,29,True
2,Flapjack/Test/OriginalPancake/conditional_comparators.pnk,8,11,60915,3737,29,True
2,Flapjack/Test/OriginalPancake/hello.pnk,3,3,11262,1883,3,True
2,Flapjack/Test/OriginalPancake/hello.pnk,4,31,846352,12173,96,True
2,Flapjack/Test/OriginalPancake/ffi_runtime_image.pnk,3,3,9548,2074,3,True
2,Flapjack/Test/OriginalPancake/ffi_runtime_image.pnk,4,12,59282,3336,21,True
2,Flapjack/Test/OriginalPancake/default_handler_ffi.pnk,3,3,9478,1734,3,True
2,Flapjack/Test/OriginalPancake/default_handler_ffi.pnk,4,8,125436,5250,41,True
2,Flapjack/Test/OriginalPancake/default_handler_ffi.pnk,5,7,20028,2093,11,True
2,Flapjack/Test/OriginalPancake/caught_handler_ffi.pnk,3,3,8736,1573,3,True
2,Flapjack/Test/OriginalPancake/caught_handler_ffi.pnk,4,8,122640,5150,41,True
2,Flapjack/Test/OriginalPancake/caught_handler_ffi.pnk,5,7,19878,2084,11,True
2,Flapjack/Test/OriginalPancake/loop_local.pnk,3,3,8035,1453,3,True
2,Flapjack/Test/OriginalPancake/loop_local.pnk,4,10,121849,5570,46,True
2,Flapjack/Test/OriginalPancake/mul_const_zero.pnk,3,3,7714,1523,3,True
2,Flapjack/Test/OriginalPancake/mul_const_zero.pnk,4,3,6813,1232,5,True
2,Flapjack/Test/OriginalPancake/mul_const_zero.pnk,5,3,5670,972,5,True
2,Flapjack/Test/OriginalPancake/mul_const_one.pnk,3,3,7273,1513,3,True
2,Flapjack/Test/OriginalPancake/mul_const_one.pnk,4,3,6482,1192,5,True
2,Flapjack/Test/OriginalPancake/mul_const_one.pnk,5,3,5781,1042,5,True
2,Flapjack/Test/OriginalPancake/mul_const_pow2.pnk,3,3,7224,1432,3,True
2,Flapjack/Test/OriginalPancake/mul_const_pow2.pnk,4,3,6432,1112,5,True
2,Flapjack/Test/OriginalPancake/mul_const_pow2.pnk,5,3,7464,992,5,True
2,Flapjack/Test/OriginalPancake/f00028_allocator.pnk,3,3,13175,3156,3,True
2,Flapjack/Test/OriginalPancake/f00028_allocator.pnk,4,55,2280388,20499,148,True
2,Flapjack/Test/OriginalPancake/f00028_allocator.pnk,5,3,15348,2004,5,True
2,Flapjack/Test/OriginalPancake/f00028_allocator.pnk,6,3,8826,1112,5,True
2,Flapjack/Test/OriginalPancake/f00028_allocator.pnk,7,4,9127,1323,7,True
2,Flapjack/Test/OriginalPancake/f00028_allocator.pnk,8,4,8405,1223,7,True
2,Flapjack/Test/OriginalPancake/mul64x64_allocator.pnk,3,3,10770,2245,3,True
2,Flapjack/Test/OriginalPancake/mul64x64_allocator.pnk,4,12,52288,3156,17,True
2,Flapjack/Test/OriginalPancake/mul64x64_allocator.pnk,5,58,1252926,15699,113,True
2,Flapjack/Test/OriginalPancake/secp_accel_init_block.pnk,3,3,10340,1944,3,True
2,Flapjack/Test/OriginalPancake/secp_accel_init_block.pnk,4,7,22953,2364,13,True
2,Flapjack/Test/OriginalPancake/secp_accel_init_block.pnk,5,89,2982589,23875,175,True
2,Flapjack/Test/OriginalPancake/secp_accel_modmul.pnk,3,3,17874,3606,3,True
2,Flapjack/Test/OriginalPancake/secp_accel_modmul.pnk,4,3,8776,1152,5,True
2,Flapjack/Test/OriginalPancake/secp_accel_modmul.pnk,5,61,1373964,16561,119,True
2,Flapjack/Test/OriginalPancake/secp_accel_modmul.pnk,6,63,1467280,17543,123,True
2,Flapjack/Test/OriginalPancake/secp_accel_modmul.pnk,7,63,1454596,17192,123,True
2,Flapjack/Test/OriginalPancake/parameter_reassignment.pnk,3,3,11992,2515,3,True
2,Flapjack/Test/OriginalPancake/parameter_reassignment.pnk,4,3,7144,1232,5,True
2,Flapjack/Test/OriginalPancake/parameter_reassignment.pnk,5,13,115106,3567,23,True
2,Flapjack/Test/OriginalPancake/expression_load_offset.pnk,3,3,12374,2234,3,True
2,Flapjack/Test/OriginalPancake/expression_load_offset.pnk,4,30,535968,8997,61,True
2,Flapjack/Test/OriginalPancake/expression_load_offset.pnk,5,3,13425,1342,5,True
2,Flapjack/Test/OriginalPancake/expression_load_offset.pnk,6,3,9097,1062,5,True
2,Flapjack/Test/OriginalPancake/expression_load_offset.pnk,7,3,11071,1052,5,True
2,Flapjack/Test/OriginalPancake/subtract_operand_order.pnk,3,3,11231,2094,3,True
2,Flapjack/Test/OriginalPancake/subtract_operand_order.pnk,4,40,946861,12032,83,True
2,Flapjack/Test/OriginalPancake/subtract_operand_order.pnk,5,3,10529,1283,5,True
2,Flapjack/Test/OriginalPancake/subtract_operand_order.pnk,6,3,8066,981,5,True
2,Flapjack/Test/OriginalPancake/subtract_operand_order.pnk,7,3,13927,1002,5,True
2,Flapjack/Test/OriginalPancake/subtract_operand_order.pnk,8,3,10239,972,5,True
2,Flapjack/Test/OriginalPancake/shifted_load_address.pnk,3,3,10380,1983,3,True
2,Flapjack/Test/OriginalPancake/shifted_load_address.pnk,4,30,536789,9077,61,True
2,Flapjack/Test/OriginalPancake/shifted_load_address.pnk,5,3,15700,1252,5,True
2,Flapjack/Test/OriginalPancake/shifted_load_address.pnk,6,3,10029,1012,5,True
2,Flapjack/Test/OriginalPancake/shifted_load_address.pnk,7,3,6863,972,5,True
2,Flapjack/Test/OriginalPancake/collapse_branch.pnk,3,3,23434,4398,3,True
2,Flapjack/Test/OriginalPancake/collapse_branch.pnk,4,3,9528,1202,5,True
2,Flapjack/Test/OriginalPancake/collapse_branch.pnk,5,3,5971,1002,5,True
2,Flapjack/Test/OriginalPancake/collapse_branch.pnk,6,3,5660,1012,5,True
2,Flapjack/Test/OriginalPancake/collapse_branch.pnk,7,3,5290,982,5,True
2,Flapjack/Test/OriginalPancake/collapse_branch.pnk,8,3,5159,962,5,True
2,Flapjack/Test/OriginalPancake/collapse_branch.pnk,9,3,5350,962,5,True
2,Flapjack/Test/OriginalPancake/collapse_branch.pnk,10,39,2395775,24586,214,True
2,Flapjack/Test/OriginalPancake/collapse_branch_full.pnk,3,11,96832,8356,19,True
2,Flapjack/Test/OriginalPancake/collapse_branch_full.pnk,4,3,9127,1533,5,True
2,Flapjack/Test/OriginalPancake/collapse_branch_full.pnk,5,7,20308,2024,11,True
2,Flapjack/Test/OriginalPancake/collapse_branch_full.pnk,6,23,456227,7985,59,True
2,Flapjack/Test/OriginalPancake/collapse_branch_full.pnk,7,10,42049,3677,17,True
2,Flapjack/Test/OriginalPancake/collapse_branch_full.pnk,8,8,157857,6031,54,True
2,Flapjack/Test/OriginalPancake/collapse_branch_full.pnk,9,25,556817,8366,51,True
2,Flapjack/Test/OriginalPancake/collapse_branch_full.pnk,10,73,2268846,20679,143,True
2,Flapjack/Test/OriginalPancake/collapse_branch_full.pnk,11,65,1742797,19056,127,True
2,Flapjack/Test/OriginalPancake/collapse_branch_full.pnk,12,42,3193506,37681,348,True
2,Flapjack/Test/OriginalPancake/global_load_sharing.pnk,3,11,79089,5140,19,True
2,Flapjack/Test/OriginalPancake/global_load_sharing.pnk,4,31,500001,9828,63,True
2,Flapjack/Test/OriginalPancake/global_load_sharing.pnk,5,3,31770,1392,5,True
2,Flapjack/Test/OriginalPancake/global_load_sharing.pnk,6,11,103805,3056,19,True
2,Flapjack/Test/OriginalPancake/global_shifted_load_address.pnk,3,11,72567,5009,19,True
2,Flapjack/Test/OriginalPancake/global_shifted_load_address.pnk,4,26,325763,7794,51,True
2,Flapjack/Test/OriginalPancake/global_shifted_load_address.pnk,5,3,21300,1132,5,True
2,Flapjack/Test/OriginalPancake/address_shift_operand.pnk,3,3,12965,2284,3,True
2,Flapjack/Test/OriginalPancake/address_shift_operand.pnk,4,31,564150,9248,63,True
2,Flapjack/Test/OriginalPancake/address_shift_operand.pnk,5,3,15689,1253,5,True
2,Flapjack/Test/OriginalPancake/address_shift_operand.pnk,6,3,9709,1002,5,True
2,Flapjack/Test/OriginalPancake/address_shift_operand.pnk,7,3,14297,982,5,True
2,Flapjack/Test/OriginalPancake/global_base_shift_address.pnk,3,11,74731,5019,19,True
2,Flapjack/Test/OriginalPancake/global_base_shift_address.pnk,4,50,1651466,15810,107,True
2,Flapjack/Test/OriginalPancake/global_base_shift_address.pnk,5,3,24706,1503,5,True
2,Flapjack/Test/OriginalPancake/global_base_shift_address.pnk,6,3,15970,992,5,True
2,Flapjack/Test/OriginalPancake/global_base_shift_address.pnk,7,3,20779,972,5,True
2,Flapjack/Test/OriginalPancake/global_base_shift_address.pnk,8,3,17373,961,5,True
2,Flapjack/Test/OriginalPancake/global_base_shift_address.pnk,9,3,20539,982,5,True
2,Flapjack/Test/OriginalPancake/dec_temporary_cutset.pnk,3,3,25047,3907,3,True
2,Flapjack/Test/OriginalPancake/dec_temporary_cutset.pnk,4,36,836714,11672,75,True
2,Flapjack/Test/OriginalPancake/dec_temporary_cutset.pnk,5,3,18084,1563,5,True
2,Flapjack/Test/OriginalPancake/dec_temporary_cutset.pnk,6,4,9107,1473,7,True
2,Flapjack/Test/OriginalPancake/dec_temporary_cutset.pnk,7,20,404801,9568,80,True
2,Flapjack/Test/OriginalPancake/dec_temporary_cutset.pnk,8,20,400193,10379,80,True
2,Flapjack/Test/OriginalPancake/dec_temporary_cutset.pnk,9,22,418046,10890,86,True
2,Flapjack/Test/OriginalPancake/dec_temporary_cutset.pnk,10,21,439496,10360,82,True
2,Flapjack/Test/OriginalPancake/nested_binop_immediate.pnk,3,3,41858,6853,3,True
2,Flapjack/Test/OriginalPancake/nested_binop_immediate.pnk,4,54,2179709,20729,115,True
2,Flapjack/Test/OriginalPancake/nested_binop_immediate.pnk,5,3,33313,4649,5,True
2,Flapjack/Test/OriginalPancake/nested_binop_immediate.pnk,6,3,14387,1122,5,True
2,Flapjack/Test/OriginalPancake/nested_binop_immediate.pnk,7,3,11792,992,5,True
2,Flapjack/Test/OriginalPancake/nested_binop_immediate.pnk,8,3,13886,1072,5,True
2,Flapjack/Test/OriginalPancake/nested_binop_immediate.pnk,9,3,12353,1012,5,True
2,Flapjack/Test/OriginalPancake/nested_binop_immediate.pnk,10,3,11532,982,5,True
2,Flapjack/Test/OriginalPancake/loop_body_condition_fuse.pnk,3,3,35176,6462,3,True
2,Flapjack/Test/OriginalPancake/loop_body_condition_fuse.pnk,4,37,859877,12063,77,True
2,Flapjack/Test/OriginalPancake/loop_body_condition_fuse.pnk,5,8,139532,7424,58,True
2,Flapjack/Test/OriginalPancake/loop_body_condition_fuse.pnk,6,8,164649,7715,70,True
2,Flapjack/Test/OriginalPancake/loop_body_condition_fuse.pnk,7,10,268876,10379,101,True
2,Flapjack/Test/OriginalPancake/loop_body_condition_fuse.pnk,8,8,186551,8406,76,True
2,Flapjack/Test/OriginalPancake/process_message_empty_catch.pnk,3,3,13094,2355,3,True
2,Flapjack/Test/OriginalPancake/process_message_empty_catch.pnk,4,3,7344,1152,5,True
2,Flapjack/Test/OriginalPancake/process_message_empty_catch.pnk,5,3,5370,1002,5,True
2,Flapjack/Test/OriginalPancake/process_message_empty_catch.pnk,6,3,5190,982,5,True
2,Flapjack/Test/OriginalPancake/process_message_empty_catch.pnk,7,18,287270,9869,81,True
2,Flapjack/Test/OriginalPancake/process_message_negative_offset.pnk,3,19,186911,8175,35,True
2,Flapjack/Test/OriginalPancake/process_message_negative_offset.pnk,4,3,8616,1413,5,True
2,Flapjack/Test/OriginalPancake/process_message_negative_offset.pnk,5,3,5400,982,5,True
2,Flapjack/Test/OriginalPancake/process_message_negative_offset.pnk,6,3,5189,982,5,True
2,Flapjack/Test/OriginalPancake/process_message_negative_offset.pnk,7,3,5060,951,5,True
2,Flapjack/Test/OriginalPancake/process_message_negative_offset.pnk,8,3,5049,972,5,True
2,Flapjack/Test/OriginalPancake/process_message_negative_offset.pnk,9,3,5079,962,5,True
2,Flapjack/Test/OriginalPancake/process_message_negative_offset.pnk,10,30,1094668,20599,183,True
2,Flapjack/Test/OriginalPancake/fp_pow4_copy_loop.pnk,3,11,100709,10780,19,True
2,Flapjack/Test/OriginalPancake/fp_pow4_copy_loop.pnk,4,22,105178,5180,29,True
2,Flapjack/Test/OriginalPancake/fp_pow4_copy_loop.pnk,5,13,121739,3737,23,True
2,Flapjack/Test/OriginalPancake/fp_pow4_copy_loop.pnk,6,3,14026,1192,5,True
2,Flapjack/Test/OriginalPancake/fp_pow4_copy_loop.pnk,7,11,67847,3026,19,True
2,Flapjack/Test/OriginalPancake/fp_pow4_copy_loop.pnk,8,6,17223,2855,11,True
2,Flapjack/Test/OriginalPancake/fp_pow4_copy_loop.pnk,9,6,16210,1774,11,True
2,Flapjack/Test/OriginalPancake/fp_pow4_copy_loop.pnk,10,72,12174945,84098,467,True
2,Flapjack/Test/OriginalPancake/u256_add_carry.pnk,3,3,31469,5671,3,True
2,Flapjack/Test/OriginalPancake/u256_add_carry.pnk,4,24,107442,5170,29,True
2,Flapjack/Test/OriginalPancake/u256_add_carry.pnk,5,63,1071425,16320,115,True
2,Flapjack/Test/OriginalPancake/u256_mul_full.pnk,3,3,37060,7163,3,True
2,Flapjack/Test/OriginalPancake/u256_mul_full.pnk,4,46,584699,12634,91,True
2,Flapjack/Test/OriginalPancake/u256_mul_full.pnk,5,58,1240963,15980,113,True
2,Flapjack/Test/OriginalPancake/u256_mul_full.pnk,6,739,854816711,305805,1501,True
2,Flapjack/Test/OriginalPancake/u256_mul_full_bitmap_wrap.pnk,3,3,41939,7334,3,True
2,Flapjack/Test/OriginalPancake/u256_mul_full_bitmap_wrap.pnk,4,3,11351,1313,5,True
2,Flapjack/Test/OriginalPancake/u256_mul_full_bitmap_wrap.pnk,5,58,1253246,16732,113,True
2,Flapjack/Test/OriginalPancake/u256_mul_full_bitmap_wrap.pnk,6,382,186261641,139693,787,True
2,Flapjack/Test/OriginalPancake/decode_payload_op_curr_heap_copy.pnk,3,11,117180,11251,19,True
2,Flapjack/Test/OriginalPancake/decode_payload_op_curr_heap_copy.pnk,4,3,15509,2845,5,True
2,Flapjack/Test/OriginalPancake/decode_payload_op_curr_heap_copy.pnk,5,3,11662,2315,5,True
2,Flapjack/Test/OriginalPancake/decode_payload_op_curr_heap_copy.pnk,6,3,11352,2164,5,True
2,Flapjack/Test/OriginalPancake/decode_payload_op_curr_heap_copy.pnk,7,34,727448,11983,75,True
2,Flapjack/Test/OriginalPancake/divmnu_copy_loop.pnk,3,11,75993,5139,19,True
2,Flapjack/Test/OriginalPancake/divmnu_copy_loop.pnk,4,3,7655,1382,5,True
2,Flapjack/Test/OriginalPancake/divmnu_copy_loop.pnk,5,3,6473,1092,5,True
2,Flapjack/Test/OriginalPancake/divmnu_copy_loop.pnk,6,13,234752,7544,62,True
2,Flapjack/Test/OriginalPancake/divmnu_copy_loop.pnk,7,39,7706441,48421,336,True
2,Flapjack/Test/OriginalPancake/bn_divmnu_allocator.pnk,3,3,51016,7885,3,True
2,Flapjack/Test/OriginalPancake/bn_divmnu_allocator.pnk,4,3,12664,1513,5,True
2,Flapjack/Test/OriginalPancake/bn_divmnu_allocator.pnk,5,3,7995,1553,5,True
2,Flapjack/Test/OriginalPancake/bn_divmnu_allocator.pnk,6,4,8607,1342,7,True
2,Flapjack/Test/OriginalPancake/bn_divmnu_allocator.pnk,7,79,29462652,126278,912,True
2,Flapjack/Test/OriginalPancake/gh1025_frame_bitmap.pnk,3,3,24677,4709,3,True
2,Flapjack/Test/OriginalPancake/gh1025_frame_bitmap.pnk,4,58,5765722,36749,276,True
2,Flapjack/Test/OriginalPancake/gh1025_frame_bitmap.pnk,5,3,20880,2454,5,True
2,Flapjack/Test/OriginalPancake/gh1025_frame_bitmap.pnk,6,3,9287,1102,5,True
2,Flapjack/Test/OriginalPancake/gh1025_frame_bitmap.pnk,7,4,9097,1352,7,True
2,Flapjack/Test/OriginalPancake/gh1025_frame_bitmap.pnk,8,4,9147,1333,7,True
2,Flapjack/Test/OriginalPancake/gh1025_frame_bitmap_f00000.pnk,3,3,12303,2225,3,True
2,Flapjack/Test/OriginalPancake/gh1025_frame_bitmap_f00000.pnk,4,79,4857173,25849,171,True
2,Flapjack/Test/OriginalPancake/gh1025_frame_bitmap_f00000.pnk,5,3,14357,1633,5,True
2,Flapjack/Test/OriginalPancake/gh1025_frame_bitmap_f00000.pnk,6,3,8636,1032,5,True
2,Flapjack/Test/OriginalPancake/gh1025_frame_bitmap_f00000.pnk,7,4,9528,1383,7,True
2,Flapjack/Test/OriginalPancake/gh1025_frame_bitmap_f00000.pnk,8,4,8376,1282,7,True
2,Flapjack/Test/OriginalPancake/many_word_parameters.pnk,3,3,8656,2084,3,True
2,Flapjack/Test/OriginalPancake/many_word_parameters.pnk,4,12,69110,3497,21,True
2,Flapjack/Test/OriginalPancake/many_word_parameters.pnk,5,3,6072,1132,5,True
2,Flapjack/Test/OriginalPancake/many_word_parameters.pnk,6,3,6062,1062,5,True
2,Flapjack/Test/OriginalPancake/many_word_parameters.pnk,7,3,5351,981,5,True
2,Flapjack/Test/OriginalPancake/wide_call_arguments.pnk,3,3,8556,1944,3,True
2,Flapjack/Test/OriginalPancake/wide_call_arguments.pnk,4,12,70763,3567,21,True
2,Flapjack/Test/OriginalPancake/wide_call_arguments.pnk,5,3,6171,1122,5,True
2,Flapjack/Test/OriginalPancake/wide_call_arguments.pnk,6,3,5340,1002,5,True
2,Flapjack/Test/OriginalPancake/wide_call_arguments.pnk,7,47,1000331,13636,93,True
2,Flapjack/Test/OriginalPancake/wide_call_arguments.pnk,8,55,1387700,17803,109,True
2,Flapjack/Test/OriginalPancake/secp256k1_recover.pnk,3,27,462360,13615,51,True
2,Flapjack/Test/OriginalPancake/secp256k1_recover.pnk,4,3,33002,5841,5,True
2,Flapjack/Test/OriginalPancake/secp256k1_recover.pnk,5,28,528154,13255,53,True
2,Flapjack/Test/OriginalPancake/secp256k1_recover.pnk,6,23,582856,12834,59,True
2,Flapjack/Test/OriginalPancake/secp256k1_recover.pnk,7,3,33082,3226,5,True
2,Flapjack/Test/OriginalPancake/secp256k1_recover.pnk,8,11,77515,4228,19,True
2,Flapjack/Test/OriginalPancake/secp256k1_recover.pnk,9,13,138571,4178,23,True
2,Flapjack/Test/OriginalPancake/secp256k1_recover.pnk,10,19,243218,5780,37,True
2,Flapjack/Test/OriginalPancake/secp256k1_recover.pnk,11,25,810504,19897,91,True
2,Flapjack/Test/OriginalPancake/secp256k1_recover.pnk,12,11,89909,7143,29,True
2,Flapjack/Test/OriginalPancake/secp256k1_recover.pnk,13,11,98024,4238,29,True
2,Flapjack/Test/OriginalPancake/secp256k1_recover.pnk,14,35,715806,22142,101,True
2,Flapjack/Test/OriginalPancake/secp256k1_recover.pnk,15,21,359576,8506,51,True
2,Flapjack/Test/OriginalPancake/secp256k1_recover.pnk,16,11,142989,6533,29,True
2,Flapjack/Test/OriginalPancake/secp256k1_recover.pnk,17,35,1301127,27391,173,True
2,Flapjack/Test/OriginalPancake/secp256k1_recover.pnk,18,63,1382610,24817,115,True
2,Flapjack/Test/OriginalPancake/secp256k1_recover.pnk,19,62,1558791,26981,113,True
2,Flapjack/Test/OriginalPancake/secp256k1_recover.pnk,20,58,1490683,16852,113,True
2,Flapjack/Test/OriginalPancake/secp256k1_recover.pnk,21,53,2544325,48812,235,True
2,Flapjack/Test/OriginalPancake/secp256k1_recover.pnk,22,27,809963,26189,119,True
2,Flapjack/Test/OriginalPancake/secp256k1_recover.pnk,23,39,3206399,65744,332,True
2,Flapjack/Test/OriginalPancake/secp256k1_recover.pnk,24,39,4267966,45075,201,True
2,Flapjack/Test/OriginalPancake/secp256k1_recover.pnk,25,89,4542412,43091,175,True
2,Flapjack/Test/OriginalPancake/secp256k1_recover.pnk,26,45,1792090,24075,103,True
2,Flapjack/Test/OriginalPancake/secp256k1_recover.pnk,27,63,2611912,29415,123,True
2,Flapjack/Test/OriginalPancake/secp256k1_recover.pnk,28,63,2598877,30757,123,True
2,Flapjack/Test/OriginalPancake/secp256k1_recover.pnk,29,64,2373323,37240,155,True
2,Flapjack/Test/OriginalPancake/secp256k1_recover.pnk,30,27,664098,15109,65,True
2,Flapjack/Test/OriginalPancake/secp256k1_recover.pnk,31,10,68048,5660,19,True
2,Flapjack/Test/OriginalPancake/secp256k1_recover.pnk,32,10,60083,4319,19,True
2,Flapjack/Test/OriginalPancake/secp256k1_recover.pnk,33,72,17284091,117622,467,True
2,Flapjack/Test/OriginalPancake/secp256k1_recover.pnk,34,10,66355,8216,19,True
2,Flapjack/Test/OriginalPancake/secp256k1_recover.pnk,35,10,43091,3327,19,True
2,Flapjack/Test/OriginalPancake/secp256k1_recover.pnk,36,10,41608,3186,19,True
2,Flapjack/Test/OriginalPancake/secp256k1_recover.pnk,37,72,14679223,89398,499,True
2,Flapjack/Test/OriginalPancake/secp256k1_recover.pnk,38,10,56146,4458,19,True
2,Flapjack/Test/OriginalPancake/secp256k1_recover.pnk,39,72,1768325,19126,141,True
2,Flapjack/Test/OriginalPancake/secp256k1_recover.pnk,40,72,1764949,19016,141,True
2,Flapjack/Test/OriginalPancake/secp256k1_recover.pnk,41,14,125265,3998,25,True
2,Flapjack/Test/OriginalPancake/secp256k1_recover.pnk,42,112,9445061,65453,233,True
2,Flapjack/Test/OriginalPancake/secp256k1_recover.pnk,43,106,7774269,39194,261,True
2,Flapjack/Test/OriginalPancake/secp256k1_recover.pnk,44,185,46992706,185359,549,True
2,Flapjack/Test/OriginalPancake/secp256k1_recover.pnk,45,458,774818783,249840,1266,True
2,Flapjack/Test/OriginalPancake/secp256k1_recover.pnk,46,129,11536092,50014,277,True
2,Flapjack/Test/OriginalPancake/secp256k1_recover.pnk,47,158,26367372,80381,451,True
2,Flapjack/Test/OriginalPancake/secp256k1_recover.pnk,48,293,121873201,165922,799,True
2,Flapjack/Test/OriginalPancake/spilled_load_offset.pnk,3,3,42279,7805,3,True
2,Flapjack/Test/OriginalPancake/spilled_load_offset.pnk,4,25,358424,7935,49,True
2,Flapjack/Test/OriginalPancake/spilled_load_offset.pnk,5,3,6933,1282,5,True
2,Flapjack/Test/OriginalPancake/spilled_load_offset.pnk,6,130,11054928,46237,267,True
2,Flapjack/Test/OriginalPancake/spilled_load_offset.pnk,7,5,25338,2585,7,True
2,Flapjack/Test/OriginalPancake/allocator_colour_permutation.pnk,3,3,24827,4208,3,True
2,Flapjack/Test/OriginalPancake/allocator_colour_permutation.pnk,4,3,11582,1833,5,True
2,Flapjack/Test/OriginalPancake/allocator_colour_permutation.pnk,5,4,12784,1844,7,True
2,Flapjack/Test/OriginalPancake/allocator_colour_permutation.pnk,6,34,1088507,15269,120,True
2,Flapjack/Test/OriginalPancake/set_transient_storage_copy_class.pnk,3,11,110979,9508,19,True
2,Flapjack/Test/OriginalPancake/set_transient_storage_copy_class.pnk,4,12,67727,3687,21,True
2,Flapjack/Test/OriginalPancake/set_transient_storage_copy_class.pnk,5,3,9909,2304,5,True
2,Flapjack/Test/OriginalPancake/set_transient_storage_copy_class.pnk,6,7,46036,3817,15,True
2,Flapjack/Test/OriginalPancake/set_transient_storage_copy_class.pnk,7,3,11392,2023,5,True
2,Flapjack/Test/OriginalPancake/set_transient_storage_copy_class.pnk,8,3,9027,1542,5,True
2,Flapjack/Test/OriginalPancake/set_transient_storage_copy_class.pnk,9,3,8876,1754,5,True
2,Flapjack/Test/OriginalPancake/set_transient_storage_copy_class.pnk,10,64,3821667,21991,155,True
2,Flapjack/Test/OriginalPancake/wide_add_constant.pnk,3,3,11291,1964,3,True
2,Flapjack/Test/OriginalPancake/wide_add_constant.pnk,4,5,14667,1473,7,True
2,Flapjack/Test/OriginalPancake/wide_call_arity.pnk,3,3,43362,8165,3,True
2,Flapjack/Test/OriginalPancake/wide_call_arity.pnk,4,36,852573,10570,75,True
2,Flapjack/Test/OriginalPancake/wide_call_arity.pnk,5,3,9948,1533,5,True
2,Flapjack/Test/OriginalPancake/wide_call_arity.pnk,6,3,5620,992,5,True
2,Flapjack/Test/OriginalPancake/wide_call_arity.pnk,7,3,5280,941,5,True
2,Flapjack/Test/OriginalPancake/wide_call_arity.pnk,8,3,5149,932,5,True
2,Flapjack/Test/OriginalPancake/wide_call_arity.pnk,9,85,3338988,24907,169,True
2,Flapjack/Test/OriginalPancake/wide_call_arity.pnk,10,91,4981477,30167,181,True
2,Flapjack/Test/OriginalPancake/wide_call_arity.pnk,11,103,6749502,65623,205,True
2,Flapjack/Test/OriginalPancake/wide_call_arity.pnk,12,127,7517496,40726,253,True
2,Flapjack/Test/OriginalPancake/wide_return_22.pnk,3,3,20418,4829,3,True
2,Flapjack/Test/OriginalPancake/wide_return_22.pnk,4,3,8135,1193,5,True
2,Flapjack/Test/OriginalPancake/wide_return_22.pnk,5,24,198183,6482,47,True
2,Flapjack/Test/OriginalPancake/wide_call_spilled_base.pnk,3,3,38863,5791,3,True
2,Flapjack/Test/OriginalPancake/wide_call_spilled_base.pnk,4,19,179237,5460,35,True
2,Flapjack/Test/OriginalPancake/wide_call_spilled_base.pnk,5,3,6272,1172,5,True
2,Flapjack/Test/OriginalPancake/wide_call_spilled_base.pnk,6,90,4293974,27442,179,True
2,Flapjack/Test/OriginalPancake/f00226_mks_out_of_range_shift.pnk,3,3,37010,6722,3,True
2,Flapjack/Test/OriginalPancake/f00226_mks_out_of_range_shift.pnk,4,14,114465,4048,21,True
2,Flapjack/Test/OriginalPancake/f00226_mks_out_of_range_shift.pnk,5,4,9888,1423,7,True
2,Flapjack/Test/OriginalPancake/loop_to_word_unbound_var.pnk,3,3,23995,3206,3,True
2,Flapjack/Test/OriginalPancake/loop_to_word_unbound_var.pnk,4,14,185629,7133,55,True
2,Flapjack/Test/OriginalPancake/loop_to_word_unbound_var.pnk,5,3,7254,1242,5,True
2,Flapjack/Test/OriginalPancake/loop_to_word_exception_fallback.pnk,3,3,9588,1743,3,True
2,Flapjack/Test/OriginalPancake/loop_to_word_exception_fallback.pnk,4,10,40927,2825,17,True
2,Flapjack/Test/OriginalPancake/f00226_mks_out_of_range_shift.pnk,3,3,12694,2375,3,True
2,Flapjack/Test/OriginalPancake/f00226_mks_out_of_range_shift.pnk,4,14,141666,5861,21,True
2,Flapjack/Test/OriginalPancake/f00226_mks_out_of_range_shift.pnk,5,4,15469,2254,7,True
2,Flapjack/Test/OriginalPancake/op_dispatch_relocation_boundary.pnk,3,3,61686,13926,3,True
2,Flapjack/Test/OriginalPancake/op_dispatch_relocation_boundary.pnk,4,3,13725,1273,5,True
2,Flapjack/Test/OriginalPancake/op_dispatch_relocation_boundary.pnk,5,3,5841,1012,5,True
2,Flapjack/Test/OriginalPancake/op_dispatch_relocation_boundary.pnk,6,3,5400,1022,5,True
2,Flapjack/Test/OriginalPancake/op_dispatch_relocation_boundary.pnk,7,3,5320,1011,5,True
2,Flapjack/Test/OriginalPancake/op_dispatch_relocation_boundary.pnk,8,3,5371,981,5,True
2,Flapjack/Test/OriginalPancake/op_dispatch_relocation_boundary.pnk,9,3,5350,982,5,True
2,Flapjack/Test/OriginalPancake/op_dispatch_relocation_boundary.pnk,10,3,5210,942,5,True
2,Flapjack/Test/OriginalPancake/op_dispatch_relocation_boundary.pnk,11,3,5230,962,5,True
2,Flapjack/Test/OriginalPancake/op_dispatch_relocation_boundary.pnk,12,3,5180,952,5,True
2,Flapjack/Test/OriginalPancake/op_dispatch_relocation_boundary.pnk,13,3,5240,952,5,True
2,Flapjack/Test/OriginalPancake/op_dispatch_relocation_boundary.pnk,14,3,5240,951,5,True
2,Flapjack/Test/OriginalPancake/op_dispatch_relocation_boundary.pnk,15,3,5300,971,5,True
2,Flapjack/Test/OriginalPancake/op_dispatch_relocation_boundary.pnk,16,3,5310,1012,5,True
2,Flapjack/Test/OriginalPancake/op_dispatch_relocation_boundary.pnk,17,3,5190,971,5,True
2,Flapjack/Test/OriginalPancake/op_dispatch_relocation_boundary.pnk,18,3,5150,982,5,True
2,Flapjack/Test/OriginalPancake/op_dispatch_relocation_boundary.pnk,19,3,5300,972,5,True
2,Flapjack/Test/OriginalPancake/op_dispatch_relocation_boundary.pnk,20,3,5280,962,5,True
2,Flapjack/Test/OriginalPancake/op_dispatch_relocation_boundary.pnk,21,3,5240,962,5,True
2,Flapjack/Test/OriginalPancake/op_dispatch_relocation_boundary.pnk,22,3,5360,992,5,True
2,Flapjack/Test/OriginalPancake/op_dispatch_relocation_boundary.pnk,23,3,5219,942,5,True
2,Flapjack/Test/OriginalPancake/op_dispatch_relocation_boundary.pnk,24,3,5170,972,5,True
2,Flapjack/Test/OriginalPancake/op_dispatch_relocation_boundary.pnk,25,3,5240,971,5,True
2,Flapjack/Test/OriginalPancake/op_dispatch_relocation_boundary.pnk,26,3,5250,982,5,True
2,Flapjack/Test/OriginalPancake/op_dispatch_relocation_boundary.pnk,27,3,5280,981,5,True
2,Flapjack/Test/OriginalPancake/op_dispatch_relocation_boundary.pnk,28,3,5290,982,5,True
2,Flapjack/Test/OriginalPancake/op_dispatch_relocation_boundary.pnk,29,3,5481,962,5,True
2,Flapjack/Test/OriginalPancake/op_dispatch_relocation_boundary.pnk,30,3,5280,982,5,True
2,Flapjack/Test/OriginalPancake/op_dispatch_relocation_boundary.pnk,31,3,5330,972,5,True
2,Flapjack/Test/OriginalPancake/op_dispatch_relocation_boundary.pnk,32,11,2157126,94077,991,True
2,Flapjack/Test/OriginalPancake/op_dispatch_label_stability.pnk,3,3,47629,8126,3,True
2,Flapjack/Test/OriginalPancake/op_dispatch_label_stability.pnk,4,3,10029,1112,5,True
2,Flapjack/Test/OriginalPancake/op_dispatch_label_stability.pnk,5,3,5681,1011,5,True
2,Flapjack/Test/OriginalPancake/op_dispatch_label_stability.pnk,6,3,5341,971,5,True
2,Flapjack/Test/OriginalPancake/op_dispatch_label_stability.pnk,7,3,5300,942,5,True
2,Flapjack/Test/OriginalPancake/op_dispatch_label_stability.pnk,8,3,6813,931,5,True
2,Flapjack/Test/OriginalPancake/op_dispatch_label_stability.pnk,9,3,5179,942,5,True
2,Flapjack/Test/OriginalPancake/op_dispatch_label_stability.pnk,10,3,5160,1533,5,True
2,Flapjack/Test/OriginalPancake/op_dispatch_label_stability.pnk,11,3,7444,971,5,True
2,Flapjack/Test/OriginalPancake/op_dispatch_label_stability.pnk,12,3,5200,942,5,True
2,Flapjack/Test/OriginalPancake/op_dispatch_label_stability.pnk,13,3,5150,942,5,True
2,Flapjack/Test/OriginalPancake/op_dispatch_label_stability.pnk,14,3,5160,952,5,True
2,Flapjack/Test/OriginalPancake/op_dispatch_label_stability.pnk,15,3,7464,942,5,True
2,Flapjack/Test/OriginalPancake/op_dispatch_label_stability.pnk,16,3,5220,941,5,True
2,Flapjack/Test/OriginalPancake/op_dispatch_label_stability.pnk,17,3,5120,942,5,True
2,Flapjack/Test/OriginalPancake/op_dispatch_label_stability.pnk,18,3,5190,932,5,True
2,Flapjack/Test/OriginalPancake/op_dispatch_label_stability.pnk,19,3,5160,932,5,True
2,Flapjack/Test/OriginalPancake/op_dispatch_label_stability.pnk,20,3,7715,1403,5,True
2,Flapjack/Test/OriginalPancake/op_dispatch_label_stability.pnk,21,3,5180,921,5,True
2,Flapjack/Test/OriginalPancake/op_dispatch_label_stability.pnk,22,3,5240,921,5,True
2,Flapjack/Test/OriginalPancake/op_dispatch_label_stability.pnk,23,3,5140,931,5,True
2,Flapjack/Test/OriginalPancake/op_dispatch_label_stability.pnk,24,3,5150,1282,5,True
2,Flapjack/Test/OriginalPancake/op_dispatch_label_stability.pnk,25,3,5200,951,5,True
2,Flapjack/Test/OriginalPancake/op_dispatch_label_stability.pnk,26,3,5150,971,5,True
2,Flapjack/Test/OriginalPancake/op_dispatch_label_stability.pnk,27,3,5210,932,5,True
2,Flapjack/Test/OriginalPancake/op_dispatch_label_stability.pnk,28,3,5210,921,5,True
2,Flapjack/Test/OriginalPancake/op_dispatch_label_stability.pnk,29,3,5130,952,5,True
2,Flapjack/Test/OriginalPancake/op_dispatch_label_stability.pnk,30,3,7183,1383,5,True
2,Flapjack/Test/OriginalPancake/op_dispatch_label_stability.pnk,31,27,10240145,194416,1029,True
2,Flapjack/Test/OriginalPancake/op_dispatch_many.pnk,3,3,41619,6342,3,True
2,Flapjack/Test/OriginalPancake/op_dispatch_many.pnk,4,3,10489,1233,5,True
2,Flapjack/Test/OriginalPancake/op_dispatch_many.pnk,5,3,5791,1022,5,True
2,Flapjack/Test/OriginalPancake/op_dispatch_many.pnk,6,3,5391,951,5,True
2,Flapjack/Test/OriginalPancake/op_dispatch_many.pnk,7,3,5340,952,5,True
2,Flapjack/Test/OriginalPancake/op_dispatch_many.pnk,8,3,5290,962,5,True
2,Flapjack/Test/OriginalPancake/op_dispatch_many.pnk,9,3,5350,942,5,True
2,Flapjack/Test/OriginalPancake/op_dispatch_many.pnk,10,3,5210,972,5,True
2,Flapjack/Test/OriginalPancake/op_dispatch_many.pnk,11,3,5360,982,5,True
2,Flapjack/Test/OriginalPancake/op_dispatch_many.pnk,12,3,5290,962,5,True
2,Flapjack/Test/OriginalPancake/op_dispatch_many.pnk,13,3,5330,942,5,True
2,Flapjack/Test/OriginalPancake/op_dispatch_many.pnk,14,3,5300,951,5,True
2,Flapjack/Test/OriginalPancake/op_dispatch_many.pnk,15,3,5290,982,5,True
2,Flapjack/Test/OriginalPancake/op_dispatch_many.pnk,16,3,5330,951,5,True
2,Flapjack/Test/OriginalPancake/op_dispatch_many.pnk,17,3,5300,952,5,True
2,Flapjack/Test/OriginalPancake/op_dispatch_many.pnk,18,3,5230,942,5,True
2,Flapjack/Test/OriginalPancake/op_dispatch_many.pnk,19,3,5380,952,5,True
2,Flapjack/Test/OriginalPancake/op_dispatch_many.pnk,20,3,9618,982,5,True
2,Flapjack/Test/OriginalPancake/op_dispatch_many.pnk,21,3,5320,951,5,True
2,Flapjack/Test/OriginalPancake/op_dispatch_many.pnk,22,3,5200,982,5,True
2,Flapjack/Test/OriginalPancake/op_dispatch_many.pnk,23,3,5270,981,5,True
2,Flapjack/Test/OriginalPancake/op_dispatch_many.pnk,24,3,5280,952,5,True
2,Flapjack/Test/OriginalPancake/op_dispatch_many.pnk,25,3,5200,961,5,True
2,Flapjack/Test/OriginalPancake/op_dispatch_many.pnk,26,3,5219,942,5,True
2,Flapjack/Test/OriginalPancake/op_dispatch_many.pnk,27,3,5170,992,5,True
2,Flapjack/Test/OriginalPancake/op_dispatch_many.pnk,28,3,5290,962,5,True
2,Flapjack/Test/OriginalPancake/op_dispatch_many.pnk,29,3,5240,942,5,True
2,Flapjack/Test/OriginalPancake/op_dispatch_many.pnk,30,3,5230,962,5,True
2,Flapjack/Test/OriginalPancake/op_dispatch_many.pnk,31,3,5260,942,5,True
2,Flapjack/Test/OriginalPancake/op_dispatch_many.pnk,32,11,2377901,137869,991,True
2,Flapjack/Test/OriginalPancake/op_dispatch_stored_length.pnk,3,3,49593,7534,3,True
2,Flapjack/Test/OriginalPancake/op_dispatch_stored_length.pnk,4,3,11933,1152,5,True
2,Flapjack/Test/OriginalPancake/op_dispatch_stored_length.pnk,5,3,5641,1012,5,True
2,Flapjack/Test/OriginalPancake/op_dispatch_stored_length.pnk,6,3,5350,941,5,True
2,Flapjack/Test/OriginalPancake/op_dispatch_stored_length.pnk,7,3,5180,942,5,True
2,Flapjack/Test/OriginalPancake/op_dispatch_stored_length.pnk,8,3,5140,932,5,True
2,Flapjack/Test/OriginalPancake/op_dispatch_stored_length.pnk,9,3,5180,921,5,True
2,Flapjack/Test/OriginalPancake/op_dispatch_stored_length.pnk,10,3,5170,952,5,True
2,Flapjack/Test/OriginalPancake/op_dispatch_stored_length.pnk,11,3,5200,941,5,True
2,Flapjack/Test/OriginalPancake/op_dispatch_stored_length.pnk,12,3,5170,942,5,True
2,Flapjack/Test/OriginalPancake/op_dispatch_stored_length.pnk,13,3,5149,952,5,True
2,Flapjack/Test/OriginalPancake/op_dispatch_stored_length.pnk,14,3,5130,941,5,True
2,Flapjack/Test/OriginalPancake/op_dispatch_stored_length.pnk,15,3,5190,1032,5,True
2,Flapjack/Test/OriginalPancake/op_dispatch_stored_length.pnk,16,3,5119,972,5,True
2,Flapjack/Test/OriginalPancake/op_dispatch_stored_length.pnk,17,3,5140,952,5,True
2,Flapjack/Test/OriginalPancake/op_dispatch_stored_length.pnk,18,3,5140,932,5,True
2,Flapjack/Test/OriginalPancake/op_dispatch_stored_length.pnk,19,3,5210,952,5,True
2,Flapjack/Test/OriginalPancake/op_dispatch_stored_length.pnk,20,3,5190,932,5,True
2,Flapjack/Test/OriginalPancake/op_dispatch_stored_length.pnk,21,3,5180,982,5,True
2,Flapjack/Test/OriginalPancake/op_dispatch_stored_length.pnk,22,3,5200,941,5,True
2,Flapjack/Test/OriginalPancake/op_dispatch_stored_length.pnk,23,3,5169,952,5,True
2,Flapjack/Test/OriginalPancake/op_dispatch_stored_length.pnk,24,3,5139,952,5,True
2,Flapjack/Test/OriginalPancake/op_dispatch_stored_length.pnk,25,3,5129,962,5,True
2,Flapjack/Test/OriginalPancake/op_dispatch_stored_length.pnk,26,3,5130,932,5,True
2,Flapjack/Test/OriginalPancake/op_dispatch_stored_length.pnk,27,3,5089,962,5,True
2,Flapjack/Test/OriginalPancake/op_dispatch_stored_length.pnk,28,3,5180,921,5,True
2,Flapjack/Test/OriginalPancake/op_dispatch_stored_length.pnk,29,3,5149,922,5,True
2,Flapjack/Test/OriginalPancake/op_dispatch_stored_length.pnk,30,3,5180,972,5,True
2,Flapjack/Test/OriginalPancake/op_dispatch_stored_length.pnk,31,3,5140,942,5,True
2,Flapjack/Test/OriginalPancake/op_dispatch_stored_length.pnk,32,27,7755734,109356,1065,True
2,Flapjack/Test/OriginalPancake/f00014_loop_to_word_allocator.pnk,3,3,68279,14026,3,True
2,Flapjack/Test/OriginalPancake/f00014_loop_to_word_allocator.pnk,4,14,310504,13665,55,True
2,Flapjack/Test/OriginalPancake/f00014_loop_to_word_allocator.pnk,5,3,12914,1503,5,True
2,Flapjack/Test/OriginalPancake/f00238_handler_const_or.pnk,3,3,21861,3446,3,True
2,Flapjack/Test/OriginalPancake/f00238_handler_const_or.pnk,4,17,230273,7274,57,True
2,Flapjack/Test/OriginalPancake/f00238_handler_const_or.pnk,5,3,10559,1213,5,True
2,Flapjack/Test/OriginalPancake/f00017_nested_and_zero.pnk,3,3,8817,1573,3,True
2,Flapjack/Test/OriginalPancake/f00017_nested_and_zero.pnk,4,25,326754,7364,51,True
2,Flapjack/Test/OriginalPancake/f00017_nested_and_zero.pnk,5,3,14237,1182,5,True
2,Flapjack/Test/OriginalPancake/f00091_nested_and_constants.pnk,3,3,22121,6302,3,True
2,Flapjack/Test/OriginalPancake/f00091_nested_and_constants.pnk,4,17,226396,8676,33,True
2,Flapjack/Test/OriginalPancake/f00091_nested_and_constants.pnk,5,3,11722,1352,5,True
2,Flapjack/Test/OriginalPancake/f00091_nested_and_constants.pnk,6,4,8797,1322,7,True
2,Flapjack/Test/OriginalPancake/f00356_zero_shift_self_move.pnk,3,3,31399,6162,3,True
2,Flapjack/Test/OriginalPancake/f00356_zero_shift_self_move.pnk,4,57,3343627,25999,142,True
2,Flapjack/Test/OriginalPancake/f00356_zero_shift_self_move.pnk,5,3,18044,1914,5,True
2,Flapjack/Test/OriginalPancake/f00356_zero_shift_self_move.pnk,6,3,8306,1022,5,True
2,Flapjack/Test/OriginalPancake/f00356_zero_shift_self_move.pnk,7,4,8676,1232,7,True
2,Flapjack/Test/OriginalPancake/f00356_zero_shift_self_move.pnk,8,4,8025,1213,7,True
2,Flapjack/Test/OriginalPancake/f00484_nested_and_store.pnk,3,3,39063,6452,3,True
2,Flapjack/Test/OriginalPancake/f00484_nested_and_store.pnk,4,50,2084200,16781,126,True
2,Flapjack/Test/OriginalPancake/f00484_nested_and_store.pnk,5,3,17743,1553,5,True
2,Flapjack/Test/OriginalPancake/f00484_nested_and_store.pnk,6,3,11722,1433,5,True
2,Flapjack/Test/OriginalPancake/f00484_nested_and_store.pnk,7,4,8606,1213,7,True
2,Flapjack/Test/OriginalPancake/f00484_nested_and_store.pnk,8,4,8055,1203,7,True
2,Flapjack/Test/OriginalPancake/f00325_zero_shift_self_move.pnk,3,3,18265,2935,3,True
2,Flapjack/Test/OriginalPancake/f00325_zero_shift_self_move.pnk,4,30,702180,13195,108,True
2,Flapjack/Test/OriginalPancake/f00325_zero_shift_self_move.pnk,5,3,10509,1273,5,True
2,Flapjack/Test/OriginalPancake/f00325_zero_shift_self_move.pnk,6,4,8616,1293,7,True
2,Flapjack/Test/OriginalPancake/dead_if_branches.pnk,3,3,10860,1743,3,True
2,Flapjack/Test/OriginalPancake/dead_if_branches.pnk,4,13,65774,4037,27,True
2,Flapjack/Test/OriginalPancake/f00356_zero_shift_self_move.pnk,3,3,52639,10620,3,True
2,Flapjack/Test/OriginalPancake/f00356_zero_shift_self_move.pnk,4,57,3197663,35427,142,True
2,Flapjack/Test/OriginalPancake/f00356_zero_shift_self_move.pnk,5,3,22743,2655,5,True
2,Flapjack/Test/OriginalPancake/f00356_zero_shift_self_move.pnk,6,3,8897,1022,5,True
2,Flapjack/Test/OriginalPancake/f00356_zero_shift_self_move.pnk,7,4,8967,1272,7,True
2,Flapjack/Test/OriginalPancake/f00356_zero_shift_self_move.pnk,8,4,8205,1232,7,True
2,Flapjack/Test/OriginalPancake/f00042_zero_add_register_fusion.pnk,3,3,38042,6572,3,True
2,Flapjack/Test/OriginalPancake/f00042_zero_add_register_fusion.pnk,4,47,2121099,17032,126,True
2,Flapjack/Test/OriginalPancake/f00042_zero_add_register_fusion.pnk,5,3,14297,1433,5,True
2,Flapjack/Test/OriginalPancake/f00042_zero_add_register_fusion.pnk,6,3,8577,1062,5,True
2,Flapjack/Test/OriginalPancake/f00042_zero_add_register_fusion.pnk,7,4,8776,1283,7,True
2,Flapjack/Test/OriginalPancake/f00042_zero_add_register_fusion.pnk,8,4,8406,1202,7,True
2,Flapjack/Test/OriginalPancake/f00460_nested_handler_constant_fold.pnk,3,3,25728,3907,3,True
2,Flapjack/Test/OriginalPancake/f00460_nested_handler_constant_fold.pnk,4,26,398970,10600,83,True
2,Flapjack/Test/OriginalPancake/f00460_nested_handler_constant_fold.pnk,5,3,10610,1272,5,True
2,Flapjack/Test/OriginalPancake/f00460_nested_handler_constant_fold.pnk,6,3,8236,1021,5,True
2,Flapjack/Test/OriginalPancake/f00460_nested_handler_constant_fold.pnk,7,4,8666,1323,7,True
2,Flapjack/Test/OriginalPancake/f01451_out_of_range_shift.pnk,3,11,102312,8647,19,True
2,Flapjack/Test/OriginalPancake/f01451_out_of_range_shift.pnk,4,32,852534,9337,63,True
2,Flapjack/Test/OriginalPancake/f00228_copy_share_store.pnk,3,3,33182,5691,3,True
2,Flapjack/Test/OriginalPancake/f00228_copy_share_store.pnk,4,86,5101172,28333,201,True
2,Flapjack/Test/OriginalPancake/f00228_copy_share_store.pnk,5,3,15699,1673,5,True
2,Flapjack/Test/OriginalPancake/f00228_copy_share_store.pnk,6,3,8456,1072,5,True
2,Flapjack/Test/OriginalPancake/f00228_copy_share_store.pnk,7,4,8706,1283,7,True
2,Flapjack/Test/OriginalPancake/f00228_copy_share_store.pnk,8,4,8355,1243,7,True
2,Flapjack/Test/OriginalPancake/input_blob_load_selector.pnk,3,35,595710,14737,67,True
2,Flapjack/Test/OriginalPancake/input_blob_load_selector.pnk,4,10,44574,2865,13,True
2,Flapjack/Test/OriginalPancake/input_blob_load_selector.pnk,5,28,443934,7715,53,True
2,Flapjack/Test/OriginalPancake/input_blob_load_selector.pnk,6,27,340961,7594,51,True
2,Flapjack/Test/OriginalPancake/input_blob_load_selector.pnk,7,23,446970,13666,59,True
2,Flapjack/Test/OriginalPancake/input_blob_load_selector.pnk,8,21,395043,10730,90,True
2,Flapjack/Test/OriginalPancake/gh1039_handled_call_labels.pnk,3,3,12904,1894,3,True
2,Flapjack/Test/OriginalPancake/gh1039_handled_call_labels.pnk,4,3,7133,1202,5,True
2,Flapjack/Test/OriginalPancake/gh1039_handled_call_labels.pnk,5,3,5851,992,5,True
2,Flapjack/Test/OriginalPancake/gh1039_handled_call_labels.pnk,6,9,67187,4207,31,True
2,Flapjack/Test/OriginalPancake/pxn98_unreach_elim.pnk,3,3,9478,1813,3,True
2,Flapjack/Test/OriginalPancake/pxn98_unreach_elim.pnk,4,3,7424,1222,5,True
2,Flapjack/Test/OriginalPancake/pxn98_unreach_elim.pnk,5,15,77065,4248,29,True
2,Flapjack/Test/OriginalPancake/nested_immediate_carrier.pnk,3,3,7364,1603,3,True
2,Flapjack/Test/OriginalPancake/nested_immediate_carrier.pnk,4,3,6983,1202,5,True
2,Flapjack/Test/OriginalPancake/nested_immediate_carrier.pnk,5,3,9488,1011,5,True
2,Flapjack/Test/OriginalPancake/nested_shift_immediate_carrier.pnk,3,3,7113,1473,3,True
2,Flapjack/Test/OriginalPancake/nested_shift_immediate_carrier.pnk,4,3,6893,1122,5,True
2,Flapjack/Test/OriginalPancake/nested_shift_immediate_carrier.pnk,5,3,7484,1002,5,True
2,Flapjack/Test/OriginalPancake/nested_register_carrier.pnk,3,3,12483,2595,3,True
2,Flapjack/Test/OriginalPancake/nested_register_carrier.pnk,4,4,11181,1482,7,True
2,Flapjack/Test/OriginalPancake/nested_register_carrier.pnk,5,3,9288,1021,5,True
2,Flapjack/Test/OriginalPancake/secp256k1_recover.pnk,3,27,378973,13585,51,True
2,Flapjack/Test/OriginalPancake/secp256k1_recover.pnk,4,3,8356,1332,5,True
2,Flapjack/Test/OriginalPancake/secp256k1_recover.pnk,5,28,459715,7634,53,True
2,Flapjack/Test/OriginalPancake/secp256k1_recover.pnk,6,23,455747,8275,59,True
2,Flapjack/Test/OriginalPancake/secp256k1_recover.pnk,7,3,16411,1263,5,True
2,Flapjack/Test/OriginalPancake/secp256k1_recover.pnk,8,11,62357,3056,19,True
2,Flapjack/Test/OriginalPancake/secp256k1_recover.pnk,9,13,120326,3516,23,True
2,Flapjack/Test/OriginalPancake/secp256k1_recover.pnk,10,19,207821,5300,37,True
2,Flapjack/Test/OriginalPancake/secp256k1_recover.pnk,11,25,613543,11171,91,True
2,Flapjack/Test/OriginalPancake/secp256k1_recover.pnk,12,11,65773,4248,29,True
2,Flapjack/Test/OriginalPancake/secp256k1_recover.pnk,13,11,84579,4048,29,True
2,Flapjack/Test/OriginalPancake/secp256k1_recover.pnk,14,35,571455,12393,101,True
2,Flapjack/Test/OriginalPancake/secp256k1_recover.pnk,15,21,239520,6933,51,True
2,Flapjack/Test/OriginalPancake/secp256k1_recover.pnk,16,11,113734,4068,29,True
2,Flapjack/Test/OriginalPancake/secp256k1_recover.pnk,17,35,1046087,19256,173,True
2,Flapjack/Test/OriginalPancake/secp256k1_recover.pnk,18,63,1517885,37590,115,True
2,Flapjack/Test/OriginalPancake/secp256k1_recover.pnk,19,62,1271832,17573,113,True
2,Flapjack/Test/OriginalPancake/secp256k1_recover.pnk,20,58,1257214,16221,113,True
2,Flapjack/Test/OriginalPancake/secp256k1_recover.pnk,21,53,2065935,26761,235,True
2,Flapjack/Test/OriginalPancake/secp256k1_recover.pnk,22,27,676763,14708,119,True
2,Flapjack/Test/OriginalPancake/secp256k1_recover.pnk,23,39,2515350,35456,332,True
2,Flapjack/Test/OriginalPancake/secp256k1_recover.pnk,24,39,3770289,28444,201,True
2,Flapjack/Test/OriginalPancake/secp256k1_recover.pnk,25,89,3001875,25498,175,True
2,Flapjack/Test/OriginalPancake/secp256k1_recover.pnk,26,45,1206028,14417,103,True
2,Flapjack/Test/OriginalPancake/secp256k1_recover.pnk,27,63,1739511,18675,123,True
2,Flapjack/Test/OriginalPancake/secp256k1_recover.pnk,28,63,1694727,17623,123,True
2,Flapjack/Test/OriginalPancake/secp256k1_recover.pnk,29,64,1604267,22883,155,True
2,Flapjack/Test/OriginalPancake/secp256k1_recover.pnk,30,27,455947,10470,65,True
2,Flapjack/Test/OriginalPancake/secp256k1_recover.pnk,31,10,41267,3036,19,True
2,Flapjack/Test/OriginalPancake/secp256k1_recover.pnk,32,10,42830,2906,19,True
2,Flapjack/Test/OriginalPancake/secp256k1_recover.pnk,33,72,12760394,69421,467,True
2,Flapjack/Test/OriginalPancake/secp256k1_recover.pnk,34,10,57648,5030,19,True
2,Flapjack/Test/OriginalPancake/secp256k1_recover.pnk,35,10,39624,2886,19,True
2,Flapjack/Test/OriginalPancake/secp256k1_recover.pnk,36,10,38692,2836,19,True
2,Flapjack/Test/OriginalPancake/secp256k1_recover.pnk,37,72,12426086,81554,499,True
2,Flapjack/Test/OriginalPancake/secp256k1_recover.pnk,38,10,58420,5320,19,True
2,Flapjack/Test/OriginalPancake/secp256k1_recover.pnk,39,72,1780939,19026,141,True
2,Flapjack/Test/OriginalPancake/secp256k1_recover.pnk,40,72,1782953,20118,141,True
2,Flapjack/Test/OriginalPancake/secp256k1_recover.pnk,41,14,128341,4188,25,True
2,Flapjack/Test/OriginalPancake/secp256k1_recover.pnk,42,112,8478633,34425,233,True
2,Flapjack/Test/OriginalPancake/secp256k1_recover.pnk,43,106,7969706,38643,261,True
2,Flapjack/Test/OriginalPancake/secp256k1_recover.pnk,44,185,36628427,110127,549,True
2,Flapjack/Test/OriginalPancake/secp256k1_recover.pnk,45,458,803396160,221036,1266,True
2,Flapjack/Test/OriginalPancake/secp256k1_recover.pnk,46,129,11935354,47819,277,True
2,Flapjack/Test/OriginalPancake/secp256k1_recover.pnk,47,158,27302850,83146,451,True
2,Flapjack/Test/OriginalPancake/secp256k1_recover.pnk,48,293,123416433,170220,799,True
2,Flapjack/Test/OriginalPancake/f00484_nested_and_store.pnk,3,3,42190,6832,3,True
2,Flapjack/Test/OriginalPancake/f00484_nested_and_store.pnk,4,50,2056948,18776,126,True
2,Flapjack/Test/OriginalPancake/f00484_nested_and_store.pnk,5,3,31890,3256,5,True
2,Flapjack/Test/OriginalPancake/f00484_nested_and_store.pnk,6,3,8636,1022,5,True
2,Flapjack/Test/OriginalPancake/f00484_nested_and_store.pnk,7,4,8376,1242,7,True
2,Flapjack/Test/OriginalPancake/f00484_nested_and_store.pnk,8,4,8486,1212,7,True
2,Flapjack/Test/OriginalPancake/f00232_nested_fold_order.pnk,3,3,37361,6332,3,True
2,Flapjack/Test/OriginalPancake/f00232_nested_fold_order.pnk,4,43,1121228,15950,115,True
2,Flapjack/Test/OriginalPancake/f00232_nested_fold_order.pnk,5,3,29255,3126,5,True
2,Flapjack/Test/OriginalPancake/f00232_nested_fold_order.pnk,6,3,8707,1002,5,True
2,Flapjack/Test/OriginalPancake/f00232_nested_fold_order.pnk,7,4,8596,1212,7,True
2,Flapjack/Test/OriginalPancake/f00232_nested_fold_order.pnk,8,4,8145,1192,7,True
2,Flapjack/Test/OriginalPancake/output_write.pnk,3,3,27491,4519,3,True
2,Flapjack/Test/OriginalPancake/output_write.pnk,4,4,14207,1462,7,True
2,Flapjack/Test/OriginalPancake/output_write.pnk,5,8,158578,6292,54,True
2,Flapjack/Test/OriginalPancake/decs_stcnames.pnk,3,3,22171,3387,3,True
2,Flapjack/Test/OriginalPancake/decs_stcnames.pnk,4,3,9047,1062,5,True
2,Flapjack/Test/OriginalPancake/ffi_constant_false.pnk,3,3,23044,3566,3,True
2,Flapjack/Test/OriginalPancake/ffi_constant_false.pnk,4,11,126228,6602,45,True
2,Flapjack/Test/OriginalPancake/evaluate_decls.pnk,3,11,104847,5330,19,True
2,Flapjack/Test/OriginalPancake/evaluate_decls.pnk,4,3,16832,1292,5,True
2,Flapjack/Test/OriginalPancake/lookup_code.pnk,3,3,18204,2885,3,True
2,Flapjack/Test/OriginalPancake/lookup_code.pnk,4,3,8396,1152,5,True
2,Flapjack/Test/OriginalPancake/lookup_code.pnk,5,3,6423,951,5,True
2,Flapjack/Test/OriginalPancake/semantics_decls.pnk,3,11,72897,4268,19,True
2,Flapjack/Test/OriginalPancake/semantics_decls.pnk,4,3,15119,1212,5,True
2,Flapjack/Test/OriginalPancake/upd_locals.pnk,3,3,11953,2034,3,True
2,Flapjack/Test/OriginalPancake/upd_locals.pnk,4,3,7374,1142,5,True
2,Flapjack/Test/OriginalPancake/upd_locals.pnk,5,3,5891,962,5,True
2,Flapjack/Test/OriginalPancake/f00097_ssa_unmapped_zero.pnk,3,3,14888,2415,3,True
2,Flapjack/Test/OriginalPancake/f00097_ssa_unmapped_zero.pnk,4,33,429437,11271,85,True
2,Flapjack/Test/OriginalPancake/f00097_ssa_unmapped_zero.pnk,5,3,9157,1282,5,True
2,Flapjack/Test/OriginalPancake/f00097_ssa_unmapped_zero.pnk,6,3,5320,1021,5,True
2,Flapjack/Test/OriginalPancake/f00097_ssa_unmapped_zero.pnk,7,4,8526,1252,7,True
2,Flapjack/Test/OriginalPancake/stack_args_overflow_slots.pnk,3,3,39264,7294,3,True
2,Flapjack/Test/OriginalPancake/stack_args_overflow_slots.pnk,4,33,777812,21020,67,True
2,Flapjack/Test/OriginalPancake/stack_args_overflow_slots.pnk,5,3,36158,5911,5,True
2,Flapjack/Test/OriginalPancake/stack_args_overflow_slots.pnk,6,3,10690,2144,5,True
2,Flapjack/Test/OriginalPancake/stack_args_overflow_slots.pnk,7,3,8967,1743,5,True
2,Flapjack/Test/OriginalPancake/stack_args_overflow_slots.pnk,8,84,3518997,24225,167,True
2,Flapjack/Test/OriginalPancake/stack_args_overflow_slots.pnk,9,90,3862072,26480,179,True
2,Flapjack/Test/OriginalPancake/stack_args_overflow_slots.pnk,10,102,5324503,35807,203,True
2,Flapjack/Test/OriginalPancake/wide_constants_boundaries.pnk,3,3,34205,5049,3,True
2,Flapjack/Test/OriginalPancake/wide_constants_boundaries.pnk,4,47,2270429,16952,103,True
2,Flapjack/Test/OriginalPancake/wide_constants_boundaries.pnk,5,3,15078,2134,5,True
2,Flapjack/Test/OriginalPancake/wide_constants_boundaries.pnk,6,3,5230,962,5,True
2,Flapjack/Test/OriginalPancake/wide_constants_boundaries.pnk,7,3,5079,942,5,True
2,Flapjack/Test/OriginalPancake/wide_constants_boundaries.pnk,8,3,5030,921,5,True
2,Flapjack/Test/OriginalPancake/wide_constants_boundaries.pnk,9,3,5039,912,5,True
2,Flapjack/Test/OriginalPancake/wide_constants_boundaries.pnk,10,3,5009,932,5,True
2,Flapjack/Test/OriginalPancake/wide_constants_boundaries.pnk,11,3,5039,932,5,True
2,Flapjack/Test/OriginalPancake/nested_shape_22_fields.pnk,3,3,29967,4588,3,True
2,Flapjack/Test/OriginalPancake/nested_shape_22_fields.pnk,4,3,9959,1122,5,True
2,Flapjack/Test/OriginalPancake/nested_shape_22_fields.pnk,5,69,45636,5190,5,True
2,Flapjack/Test/OriginalPancake/gh1049_stack_alloc.pnk,3,3,22363,3927,3,True
2,Flapjack/Test/OriginalPancake/gh1049_stack_alloc.pnk,4,17,141617,5029,31,True
2,Flapjack/Test/OriginalPancake/gh1049_stack_alloc.pnk,5,3,7404,1212,5,True
2,Flapjack/Test/OriginalPancake/f00634_dead_raise.pnk,3,11,92975,6622,19,True
2,Flapjack/Test/OriginalPancake/f00634_dead_raise.pnk,4,46,1839148,17062,130,True
2,Flapjack/Test/OriginalPancake/f00634_dead_raise.pnk,5,3,9608,1383,5,True
2,Flapjack/Test/OriginalPancake/f01266_raise_live_continuation.pnk,3,3,14988,2285,3,True
2,Flapjack/Test/OriginalPancake/f01266_raise_live_continuation.pnk,4,34,568800,12694,103,True
2,Flapjack/Test/OriginalPancake/f01266_raise_live_continuation.pnk,5,3,10850,1303,5,True
2,Flapjack/Test/OriginalPancake/ordinary_subword_offsets.pnk,3,3,13636,1884,3,True
2,Flapjack/Test/OriginalPancake/ordinary_subword_offsets.pnk,4,27,363895,7474,53,True
2,Flapjack/Test/OriginalPancake/odd_halfword_offset.pnk,3,3,12263,1903,3,True
2,Flapjack/Test/OriginalPancake/odd_halfword_offset.pnk,4,3,7023,1242,5,True
2,Flapjack/Test/OriginalPancake/odd_halfword_offset.pnk,5,13,71144,3536,23,True
2,Flapjack/Test/OriginalPancake/current_heap_or.pnk,3,3,7263,1523,3,True
2,Flapjack/Test/OriginalPancake/current_heap_or.pnk,4,3,10310,1102,5,True
2,Flapjack/Test/OriginalPancake/ready_last_argument_permutation.pnk,3,3,7614,1513,3,True
2,Flapjack/Test/OriginalPancake/ready_last_argument_permutation.pnk,4,20,192061,5761,39,True
2,Flapjack/Test/OriginalPancake/ready_last_argument_permutation.pnk,5,3,11041,1172,5,True
2,Flapjack/Test/OriginalPancake/store_offset_boundaries.pnk,3,3,7154,1573,3,True
2,Flapjack/Test/OriginalPancake/store_offset_boundaries.pnk,4,3,6832,1213,5,True
2,Flapjack/Test/OriginalPancake/store_offset_boundaries.pnk,5,27,318619,23414,51,True
2,Flapjack/Test/OriginalPancake/allocator_frame_handler_min.pnk,3,3,25839,4428,3,True
2,Flapjack/Test/OriginalPancake/allocator_frame_handler_min.pnk,4,21,441691,11962,94,True
2,Flapjack/Test/OriginalPancake/allocator_frame_handler_min.pnk,5,3,17693,2104,5,True
2,Flapjack/Test/OriginalPancake/allocator_frame_handler_min.pnk,6,4,8756,1293,7,True
2,Flapjack/Test/OriginalPancake/localise_load32_shadow.pnk,3,11,80641,6222,19,True
2,Flapjack/Test/OriginalPancake/localise_load32_shadow.pnk,4,3,7845,1353,5,True
2,Flapjack/Test/OriginalPancake/localise_load32_shadow.pnk,5,7,33644,1993,9,True
2,Flapjack/Test/OriginalPancake/localise_store32_shadow.pnk,3,11,67226,3928,19,True
2,Flapjack/Test/OriginalPancake/localise_store32_shadow.pnk,4,3,6502,1162,5,True
2,Flapjack/Test/OriginalPancake/localise_store32_shadow.pnk,5,9,44504,2314,13,True
2,Flapjack/Test/OriginalPancake/gh1126_load32_store32.pnk,3,11,66515,3867,19,True
2,Flapjack/Test/OriginalPancake/gh1126_load32_store32.pnk,4,3,6362,1122,5,True
2,Flapjack/Test/OriginalPancake/gh1126_load32_store32.pnk,5,7,29645,1774,9,True
2,Flapjack/Test/OriginalPancake/gh1126_load32_store32.pnk,6,9,42400,2224,13,True
2,Flapjack/Test/OriginalPancake/f01266_raise_continuation.pnk,3,3,33663,4829,3,True
2,Flapjack/Test/OriginalPancake/f01266_raise_continuation.pnk,4,34,579991,13025,103,True
2,Flapjack/Test/OriginalPancake/f01266_raise_continuation.pnk,5,3,11472,1182,5,True
2,Flapjack/Test/OriginalPancake/const_store_reuse.pnk,3,3,11512,1763,3,True
2,Flapjack/Test/OriginalPancake/const_store_reuse.pnk,4,11,52148,3036,19,True
2,Flapjack/Test/OriginalPancake/gh1127_local_store_base.pnk,3,3,7464,1623,3,True
2,Flapjack/Test/OriginalPancake/gh1127_local_store_base.pnk,4,11,43271,3096,19,True
2,Flapjack/Test/OriginalPancake/f84_frame_allocator.pnk,3,3,16060,3237,3,True
2,Flapjack/Test/OriginalPancake/f84_frame_allocator.pnk,4,26,315734,7815,43,True
2,Flapjack/Test/OriginalPancake/f84_frame_allocator.pnk,5,3,13606,1703,5,True
2,Flapjack/Test/OriginalPancake/f84_frame_allocator.pnk,6,3,8737,981,5,True
2,Flapjack/Test/OriginalPancake/f84_frame_allocator.pnk,7,4,8566,1212,7,True
2,Flapjack/Test/OriginalPancake/f84_frame_allocator.pnk,8,4,8226,1222,7,True
2,Flapjack/Test/OriginalPancake/currheap_add_const.pnk,3,3,11452,2244,3,True
2,Flapjack/Test/OriginalPancake/currheap_add_const.pnk,4,3,11071,1112,5,True
2,Flapjack/Test/OriginalPancake/currheap_sub_zero.pnk,3,3,9568,1653,3,True
2,Flapjack/Test/OriginalPancake/currheap_sub_zero.pnk,4,3,10239,1122,5,True
2,Flapjack/Test/OriginalPancake/nested_currheap_xor.pnk,3,3,8797,1422,3,True
2,Flapjack/Test/OriginalPancake/nested_currheap_xor.pnk,4,3,15529,1082,5,True
2,Flapjack/Test/OriginalPancake/currheap_const_left.pnk,3,3,8436,1413,3,True
2,Flapjack/Test/OriginalPancake/currheap_const_left.pnk,4,3,10891,1072,5,True
2,Flapjack/Test/OriginalPancake/nested_handler_condition.pnk,3,3,9338,1633,3,True
2,Flapjack/Test/OriginalPancake/nested_handler_condition.pnk,4,21,303561,12023,107,True
2,Flapjack/Test/OriginalPancake/nested_handler_condition.pnk,5,3,10420,1242,5,True
2,Flapjack/Test/OriginalPancake/nested_handler_condition.pnk,6,4,8727,1272,7,True
2,Flapjack/Test/OriginalPancake/nested_currheap_xor.pnk,3,3,8406,1523,3,True
2,Flapjack/Test/OriginalPancake/nested_currheap_xor.pnk,4,3,15709,1102,5,True
2,Flapjack/Test/OriginalPancake/annotation_comments.pnk,3,3,8426,1433,3,True
2,Flapjack/Test/OriginalPancake/annotation_comments.pnk,4,12,51046,3026,17,True
2,Flapjack/Test/OriginalPancake/annotation_comments.pnk,5,3,8917,1102,5,True
2,Flapjack/Test/OriginalPancake/nested_handler_comparison.pnk,3,3,9408,1683,3,True
2,Flapjack/Test/OriginalPancake/nested_handler_comparison.pnk,4,10,138661,7283,61,True
2,Flapjack/Test/OriginalPancake/nested_handler_comparison.pnk,5,3,10580,1303,5,True
2,Flapjack/Test/OriginalPancake/and_comparison_handler.pnk,3,3,7875,1663,3,True
2,Flapjack/Test/OriginalPancake/and_comparison_handler.pnk,4,9,142177,7674,71,True
2,Flapjack/Test/OriginalPancake/and_comparison_handler.pnk,5,3,10089,1202,5,True
2,Flapjack/Test/OriginalPancake/ld8_currheap_offset.pnk,3,3,7424,1533,3,True
2,Flapjack/Test/OriginalPancake/ld8_currheap_offset.pnk,4,7,26039,2054,11,True
2,Flapjack/Test/OriginalPancake/currheap_load_large_offset.pnk,3,3,7083,1583,3,True
2,Flapjack/Test/OriginalPancake/currheap_load_large_offset.pnk,4,3,11070,1093,5,True
2,Flapjack/Test/OriginalPancake/f480_out_of_range_struct.pnk,3,11,71224,4558,19,True
2,Flapjack/Test/OriginalPancake/f480_out_of_range_struct.pnk,4,33,583207,9127,63,True
2,Flapjack/Test/OriginalPancake/f480_out_of_range_struct.pnk,5,4,20268,2996,7,True
2,Flapjack/Test/OriginalPancake/f480_out_of_range_struct.pnk,6,4,13605,2164,7,True
2,Flapjack/Test/OriginalPancake/f860_try_loop_large_constant.pnk,3,3,19607,4258,3,True
2,Flapjack/Test/OriginalPancake/f860_try_loop_large_constant.pnk,4,45,1422655,16982,136,True
2,Flapjack/Test/OriginalPancake/f860_try_loop_large_constant.pnk,5,3,11983,1342,5,True
2,Flapjack/Test/OriginalPancake/f860_try_loop_large_constant.pnk,6,3,8065,1012,5,True
2,Flapjack/Test/OriginalPancake/f860_try_loop_large_constant.pnk,7,4,8486,1243,7,True
2,Flapjack/Test/OriginalPancake/f860_try_loop_large_constant.pnk,8,4,8005,1193,7,True
2,Flapjack/Test/OriginalPancake/f00108_handler_spill_slot.pnk,3,11,98365,9628,19,True
2,Flapjack/Test/OriginalPancake/f00108_handler_spill_slot.pnk,4,57,2290948,27141,230,True
2,Flapjack/Test/OriginalPancake/f00108_handler_spill_slot.pnk,5,3,14727,1664,5,True
2,Flapjack/Test/OriginalPancake/f00108_handler_spill_slot.pnk,6,3,8175,1042,5,True
2,Flapjack/Test/OriginalPancake/f00108_handler_spill_slot.pnk,7,4,8336,1272,7,True
2,Flapjack/Test/OriginalPancake/f00108_handler_spill_slot.pnk,8,4,7995,1162,7,True
2,Flapjack/Test/OriginalPancake/f00103_fuzz_global_struct_loop.pnk,3,3,34745,6312,3,True
2,Flapjack/Test/OriginalPancake/f00103_fuzz_global_struct_loop.pnk,4,117,12558616,39604,278,True
2,Flapjack/Test/OriginalPancake/f00103_fuzz_global_struct_loop.pnk,5,3,20769,2475,5,True
2,Flapjack/Test/OriginalPancake/f00103_fuzz_global_struct_loop.pnk,6,3,8366,1082,5,True
2,Flapjack/Test/OriginalPancake/f00103_fuzz_global_struct_loop.pnk,7,4,8436,1272,7,True
2,Flapjack/Test/OriginalPancake/f00103_fuzz_global_struct_loop.pnk,8,4,8136,1202,7,True
2,Flapjack/Test/OriginalPancake/f00114_fuzz_global_pressure.pnk,3,3,38353,6442,3,True
2,Flapjack/Test/OriginalPancake/f00114_fuzz_global_pressure.pnk,4,77,14424594,64261,540,True
2,Flapjack/Test/OriginalPancake/f00114_fuzz_global_pressure.pnk,5,3,29766,3837,5,True
2,Flapjack/Test/OriginalPancake/f00114_fuzz_global_pressure.pnk,6,3,8767,1072,5,True
2,Flapjack/Test/OriginalPancake/f00114_fuzz_global_pressure.pnk,7,4,8676,1343,7,True
2,Flapjack/Test/OriginalPancake/f00114_fuzz_global_pressure.pnk,8,4,20599,2675,7,True
2,Flapjack/Test/OriginalPancake/f00278_fuzz_global_struct_handler.pnk,3,3,38513,6312,3,True
2,Flapjack/Test/OriginalPancake/f00278_fuzz_global_struct_handler.pnk,4,149,37811030,123522,616,True
2,Flapjack/Test/OriginalPancake/f00278_fuzz_global_struct_handler.pnk,5,3,47950,5000,5,True
2,Flapjack/Test/OriginalPancake/f00278_fuzz_global_struct_handler.pnk,6,3,11171,1182,5,True
2,Flapjack/Test/OriginalPancake/f00278_fuzz_global_struct_handler.pnk,7,4,9197,1313,7,True
2,Flapjack/Test/OriginalPancake/f00278_fuzz_global_struct_handler.pnk,8,4,8325,1283,7,True
2,Flapjack/Test/OriginalPancake/f00268_fuzz_high_pressure_handler.pnk,3,3,47800,11341,3,True
2,Flapjack/Test/OriginalPancake/f00268_fuzz_high_pressure_handler.pnk,4,193,108817250,153589,866,True
2,Flapjack/Test/OriginalPancake/f00268_fuzz_high_pressure_handler.pnk,5,3,55324,6202,5,True
2,Flapjack/Test/OriginalPancake/f00268_fuzz_high_pressure_handler.pnk,6,3,10450,1332,5,True
2,Flapjack/Test/OriginalPancake/f00268_fuzz_high_pressure_handler.pnk,7,4,8977,1292,7,True
2,Flapjack/Test/OriginalPancake/f00268_fuzz_high_pressure_handler.pnk,8,4,8326,1192,7,True
2,Flapjack/Test/OriginalPancake/f00000_fuzz_global_pressure_20261015.pnk,3,3,39945,7334,3,True
2,Flapjack/Test/OriginalPancake/f00000_fuzz_global_pressure_20261015.pnk,4,100,5198576,29545,215,True
2,Flapjack/Test/OriginalPancake/f00000_fuzz_global_pressure_20261015.pnk,5,3,14668,1983,5,True
2,Flapjack/Test/OriginalPancake/f00000_fuzz_global_pressure_20261015.pnk,6,3,8886,1012,5,True
2,Flapjack/Test/OriginalPancake/f00000_fuzz_global_pressure_20261015.pnk,7,4,8677,1242,7,True
2,Flapjack/Test/OriginalPancake/f00000_fuzz_global_pressure_20261015.pnk,8,4,8216,1212,7,True
2,Flapjack/Test/OriginalPancake/f00002_fuzz_pressure_20261017.pnk,3,3,29716,5430,3,True
2,Flapjack/Test/OriginalPancake/f00002_fuzz_pressure_20261017.pnk,4,60,4713003,30798,207,True
2,Flapjack/Test/OriginalPancake/f00002_fuzz_pressure_20261017.pnk,5,3,50244,5480,5,True
2,Flapjack/Test/OriginalPancake/f00002_fuzz_pressure_20261017.pnk,6,3,10710,1102,5,True
2,Flapjack/Test/OriginalPancake/f00002_fuzz_pressure_20261017.pnk,7,4,9548,1283,7,True
2,Flapjack/Test/OriginalPancake/f00002_fuzz_pressure_20261017.pnk,8,4,8376,1232,7,True
2,Flapjack/Test/OriginalPancake/f00226_fuzz_nested_pressure_20261017.pnk,3,3,15539,3106,3,True
2,Flapjack/Test/OriginalPancake/f00226_fuzz_nested_pressure_20261017.pnk,4,119,19335890,62217,531,True
2,Flapjack/Test/OriginalPancake/f00226_fuzz_nested_pressure_20261017.pnk,5,3,13936,1593,5,True
2,Flapjack/Test/OriginalPancake/f00226_fuzz_nested_pressure_20261017.pnk,6,3,8646,1072,5,True
2,Flapjack/Test/OriginalPancake/f00226_fuzz_nested_pressure_20261017.pnk,7,4,8857,1333,7,True
2,Flapjack/Test/OriginalPancake/f00226_fuzz_nested_pressure_20261017.pnk,8,4,8315,1253,7,True
2,Flapjack/Test/OriginalPancake/f00209_fuzz_global_pressure_20261018.pnk,3,11,80401,5680,19,True
2,Flapjack/Test/OriginalPancake/f00209_fuzz_global_pressure_20261018.pnk,4,93,13508922,65463,585,True
2,Flapjack/Test/OriginalPancake/f00209_fuzz_global_pressure_20261018.pnk,5,3,17683,2114,5,True
2,Flapjack/Test/OriginalPancake/f00209_fuzz_global_pressure_20261018.pnk,6,3,11952,1253,5,True
2,Flapjack/Test/OriginalPancake/f00209_fuzz_global_pressure_20261018.pnk,7,4,9628,1583,7,True
2,Flapjack/Test/OriginalPancake/f00209_fuzz_global_pressure_20261018.pnk,8,4,8857,1312,7,True
2,Flapjack/Test/OriginalPancake/f00413_fuzz_pressure_20261019.pnk,3,3,13114,3016,3,True
2,Flapjack/Test/OriginalPancake/f00413_fuzz_pressure_20261019.pnk,4,179,57239183,153328,891,True
2,Flapjack/Test/OriginalPancake/f00413_fuzz_pressure_20261019.pnk,5,3,44373,5711,5,True
2,Flapjack/Test/OriginalPancake/f00413_fuzz_pressure_20261019.pnk,6,3,10640,1353,5,True
2,Flapjack/Test/OriginalPancake/f00413_fuzz_pressure_20261019.pnk,7,4,9207,1373,7,True
2,Flapjack/Test/OriginalPancake/f00413_fuzz_pressure_20261019.pnk,8,4,8406,1422,7,True
2,Flapjack/Test/OriginalPancake/f00003_fuzz_global_pressure_20260927.pnk,3,11,107322,9568,19,True
2,Flapjack/Test/OriginalPancake/f00003_fuzz_global_pressure_20260927.pnk,4,244,137413281,171333,1035,True
2,Flapjack/Test/OriginalPancake/f00003_fuzz_global_pressure_20260927.pnk,5,3,32141,4639,5,True
2,Flapjack/Test/OriginalPancake/f00003_fuzz_global_pressure_20260927.pnk,6,3,8797,1072,5,True
2,Flapjack/Test/OriginalPancake/f00003_fuzz_global_pressure_20260927.pnk,7,4,10340,1513,7,True
2,Flapjack/Test/OriginalPancake/f00003_fuzz_global_pressure_20260927.pnk,8,4,8415,1223,7,True
2,Flapjack/Test/OriginalPancake/f00080_fuzz_pressure_20260923.pnk,3,3,35978,7634,3,True
2,Flapjack/Test/OriginalPancake/f00080_fuzz_pressure_20260923.pnk,4,44,5533165,52749,489,True
2,Flapjack/Test/OriginalPancake/f00080_fuzz_pressure_20260923.pnk,5,3,24486,2766,5,True
2,Flapjack/Test/OriginalPancake/f00080_fuzz_pressure_20260923.pnk,6,3,8536,1083,5,True
2,Flapjack/Test/OriginalPancake/f00080_fuzz_pressure_20260923.pnk,7,4,8677,1262,7,True
2,Flapjack/Test/OriginalPancake/f00080_fuzz_pressure_20260923.pnk,8,4,8186,1212,7,True
2,Flapjack/Test/OriginalPancake/f00017_fuzz_allocator_20260923.pnk,3,11,101080,8696,19,True
2,Flapjack/Test/OriginalPancake/f00017_fuzz_allocator_20260923.pnk,4,3,8946,1583,5,True
2,Flapjack/Test/OriginalPancake/f00017_fuzz_allocator_20260923.pnk,5,7,20999,2054,11,True
2,Flapjack/Test/OriginalPancake/f00017_fuzz_allocator_20260923.pnk,6,23,413808,7805,59,True
2,Flapjack/Test/OriginalPancake/f00017_fuzz_allocator_20260923.pnk,7,10,35317,2845,17,True
2,Flapjack/Test/OriginalPancake/f00017_fuzz_allocator_20260923.pnk,8,8,151274,6362,54,True
2,Flapjack/Test/OriginalPancake/f00017_fuzz_allocator_20260923.pnk,9,25,542951,7424,51,True
2,Flapjack/Test/OriginalPancake/f00017_fuzz_allocator_20260923.pnk,10,73,2272033,20087,143,True
2,Flapjack/Test/OriginalPancake/f00017_fuzz_allocator_20260923.pnk,11,65,1725204,19046,127,True
2,Flapjack/Test/OriginalPancake/f00017_fuzz_allocator_20260923.pnk,12,42,3249971,38012,362,True
2,Flapjack/Test/OriginalPancake/f00333_fuzz_frame_pressure_20260924.pnk,3,3,38322,7284,3,True
2,Flapjack/Test/OriginalPancake/f00333_fuzz_frame_pressure_20260924.pnk,4,196,108472872,132088,874,True
2,Flapjack/Test/OriginalPancake/f00333_fuzz_frame_pressure_20260924.pnk,5,3,32351,5039,5,True
2,Flapjack/Test/OriginalPancake/f00333_fuzz_frame_pressure_20260924.pnk,6,3,8796,1062,5,True
2,Flapjack/Test/OriginalPancake/f00333_fuzz_frame_pressure_20260924.pnk,7,4,8576,1263,7,True
2,Flapjack/Test/OriginalPancake/f00333_fuzz_frame_pressure_20260924.pnk,8,4,8136,1212,7,True
2,Flapjack/Test/OriginalPancake/f00217_fuzz_allocator_20260928.pnk,3,3,27562,4949,3,True
2,Flapjack/Test/OriginalPancake/f00217_fuzz_allocator_20260928.pnk,4,39,1252214,15880,131,True
2,Flapjack/Test/OriginalPancake/f00217_fuzz_allocator_20260928.pnk,5,3,12414,1422,5,True
2,Flapjack/Test/OriginalPancake/f00217_fuzz_allocator_20260928.pnk,6,3,8425,1042,5,True
2,Flapjack/Test/OriginalPancake/f00217_fuzz_allocator_20260928.pnk,7,4,8656,1252,7,True
2,Flapjack/Test/OriginalPancake/f00217_fuzz_allocator_20260928.pnk,8,4,7955,1223,7,True
2,Flapjack/Test/OriginalPancake/f00276_fuzz_frame_allocator_20260928.pnk,3,3,30497,7584,3,True
2,Flapjack/Test/OriginalPancake/f00276_fuzz_frame_allocator_20260928.pnk,4,40,2113805,35897,341,True
2,Flapjack/Test/OriginalPancake/f00276_fuzz_frame_allocator_20260928.pnk,5,3,18355,1713,5,True
2,Flapjack/Test/OriginalPancake/f00276_fuzz_frame_allocator_20260928.pnk,6,3,8375,1042,5,True
2,Flapjack/Test/OriginalPancake/f00276_fuzz_frame_allocator_20260928.pnk,7,4,8636,1322,7,True
2,Flapjack/Test/OriginalPancake/f00276_fuzz_frame_allocator_20260928.pnk,8,4,8126,1212,7,True
2,Flapjack/Test/OriginalPancake/p8_frame_pressure.pnk,3,3,17032,2495,3,True
2,Flapjack/Test/OriginalPancake/p8_frame_pressure.pnk,4,27,354437,7484,51,True
2,Flapjack/Test/OriginalPancake/p8_frame_pressure.pnk,5,4,9688,1433,7,True
2,Flapjack/Test/OriginalPancake/p8_frame_pressure.pnk,6,3,5360,982,5,True
2,Flapjack/Test/OriginalPancake/frame_cross_call.pnk,3,3,17102,4078,3,True
2,Flapjack/Test/OriginalPancake/frame_cross_call.pnk,4,19,123893,4769,29,True
2,Flapjack/Test/OriginalPancake/frame_cross_call.pnk,5,5,19697,1633,9,True
2,Flapjack/Test/OriginalPancake/frame_cross_call.pnk,6,3,5571,1041,5,True
2,Flapjack/Test/OriginalPancake/gh1127_local_store_constant.pnk,3,3,12043,2815,3,True
2,Flapjack/Test/OriginalPancake/gh1127_local_store_constant.pnk,4,11,54723,3136,19,True
2,Flapjack/Test/OriginalPancake/gh1127_local_store_constant_five.pnk,3,3,9818,2365,3,True
2,Flapjack/Test/OriginalPancake/gh1127_local_store_constant_five.pnk,4,11,53581,3126,19,True
2,Flapjack/Test/OriginalPancake/odd_subword_offset.pnk,3,3,7725,1683,3,True
2,Flapjack/Test/OriginalPancake/odd_subword_offset.pnk,4,7,24937,2024,11,True
2,Flapjack/Test/OriginalPancake/riscv_narrow_lower_offset.pnk,3,3,6783,1623,3,True
2,Flapjack/Test/OriginalPancake/riscv_narrow_lower_offset.pnk,4,9,45165,2494,15,True
2,scripts/parity-difffuzz-findings/bitmap-min/case.pnk,3,3,18315,4188,3,True
2,scripts/parity-difffuzz-findings/bitmap-min/case.pnk,4,18,156364,5210,31,True
2,scripts/parity-difffuzz-findings/bitmap-min/case.pnk,5,4,9948,1443,7,True
2,scripts/parity-difffuzz-findings/bitmap-min/case.pnk,6,3,5410,982,5,True
2,scripts/parity-difffuzz-findings/ffi-min/case.pnk,3,3,12092,2255,3,True
2,scripts/parity-difffuzz-findings/ffi-min/case.pnk,4,12,62558,3396,21,True
2,scripts/parity-difffuzz-findings/frame-occupancy/p9.pnk,3,3,25879,4198,3,True
2,scripts/parity-difffuzz-findings/frame-occupancy/p9.pnk,4,18,153759,5130,31,True
2,scripts/parity-difffuzz-findings/frame-occupancy/p9.pnk,5,4,9939,1413,7,True
2,scripts/parity-difffuzz-findings/frame-occupancy/p9.pnk,6,3,5440,1022,5,True
2,scripts/parity-difffuzz-findings/frame-occupancy/live1.pnk,3,3,15399,2605,3,True
2,scripts/parity-difffuzz-findings/frame-occupancy/live1.pnk,4,18,137178,5029,31,True
2,scripts/parity-difffuzz-findings/frame-occupancy/live1.pnk,5,4,9307,1433,7,True
2,scripts/parity-difffuzz-findings/frame-occupancy/live1.pnk,6,3,5470,982,5,True
2,scripts/parity-difffuzz-findings/frame-occupancy/live3.pnk,3,3,13746,2394,3,True
2,scripts/parity-difffuzz-findings/frame-occupancy/live3.pnk,4,36,596963,9979,71,True
2,scripts/parity-difffuzz-findings/frame-occupancy/live3.pnk,5,4,9998,1503,7,True
2,scripts/parity-difffuzz-findings/frame-occupancy/live3.pnk,6,3,5340,1022,5,True
