run,path,label,native_decode_ns,actual_ns,program_nodes
1,Flapjack/Test/OriginalPancake/f01189_ffi_stub_order.pnk,3,77134,58049,5
1,Flapjack/Test/OriginalPancake/f01189_ffi_stub_order.pnk,4,60283,51878,7
1,Flapjack/Test/OriginalPancake/f01189_ffi_stub_order.pnk,5,821032,324268,125
1,Flapjack/Test/OriginalPancake/f01189_ffi_stub_order.pnk,6,524796,175980,103
1,Flapjack/Test/OriginalPancake/f01189_ffi_stub_order.pnk,7,412705,141285,87
1,Flapjack/Test/OriginalPancake/ffi_halt_order.pnk,3,11983,7815,5
1,Flapjack/Test/OriginalPancake/ffi_halt_order.pnk,4,190909,79729,39
1,Flapjack/Test/OriginalPancake/f00068_allocator_return.pnk,3,27612,19426,5
1,Flapjack/Test/OriginalPancake/f00068_allocator_return.pnk,4,1138848,528011,245
1,Flapjack/Test/OriginalPancake/f00068_allocator_return.pnk,5,79860,51817,11
1,Flapjack/Test/OriginalPancake/f00068_allocator_return.pnk,6,35777,23664,9
1,Flapjack/Test/OriginalPancake/f00068_allocator_return.pnk,7,33894,16902,9
1,Flapjack/Test/OriginalPancake/f00068_allocator_return.pnk,8,30718,14807,9
1,Flapjack/Test/OriginalPancake/f00068_throwminimal3.pnk,3,14637,10240,5
1,Flapjack/Test/OriginalPancake/f00068_throwminimal3.pnk,4,401634,168446,97
1,Flapjack/Test/OriginalPancake/f00068_throwminimal3.pnk,5,57378,31239,11
1,Flapjack/Test/OriginalPancake/f00068_throwminimal3.pnk,6,35216,22893,9
1,Flapjack/Test/OriginalPancake/empty_locals.pnk,3,12654,8426,5
1,Flapjack/Test/OriginalPancake/empty_locals.pnk,4,8736,6122,5
1,Flapjack/Test/OriginalPancake/empty_locals.pnk,5,16440,14458,7
1,Flapjack/Test/OriginalPancake/dec_clock.pnk,3,11451,7625,5
1,Flapjack/Test/OriginalPancake/dec_clock.pnk,4,16521,14126,9
1,Flapjack/Test/OriginalPancake/const_return.pnk,3,10700,7253,5
1,Flapjack/Test/OriginalPancake/const_return.pnk,4,14858,12072,7
1,Flapjack/Test/OriginalPancake/crep_op.pnk,3,10289,7354,5
1,Flapjack/Test/OriginalPancake/crep_op.pnk,4,14006,10590,7
1,Flapjack/Test/OriginalPancake/set_globals.pnk,3,115196,76935,19
1,Flapjack/Test/OriginalPancake/set_globals.pnk,4,53240,34816,13
1,Flapjack/Test/OriginalPancake/recursive_global_main.pnk,3,89257,56076,19
1,Flapjack/Test/OriginalPancake/recursive_global_main.pnk,4,166814,95860,41
1,Flapjack/Test/OriginalPancake/set_var.pnk,3,10309,7213,5
1,Flapjack/Test/OriginalPancake/set_var.pnk,4,14277,9338,7
1,Flapjack/Test/OriginalPancake/bitmap_calls.pnk,3,10349,7023,5
1,Flapjack/Test/OriginalPancake/bitmap_calls.pnk,4,13184,9097,7
1,Flapjack/Test/OriginalPancake/bitmap_calls.pnk,5,52368,23153,35
1,Flapjack/Test/OriginalPancake/entry_order.pnk,3,9908,6843,5
1,Flapjack/Test/OriginalPancake/entry_order.pnk,4,7264,5370,5
1,Flapjack/Test/OriginalPancake/entry_order.pnk,5,13185,8867,7
1,Flapjack/Test/OriginalPancake/entry_order.pnk,6,14688,12233,7
1,Flapjack/Test/OriginalPancake/shadowing.pnk,3,104927,73658,19
1,Flapjack/Test/OriginalPancake/shadowing.pnk,4,8936,6312,5
1,Flapjack/Test/OriginalPancake/shadowing.pnk,5,12453,9057,7
1,Flapjack/Test/OriginalPancake/shadowing.pnk,6,39013,16942,27
1,Flapjack/Test/OriginalPancake/nested_expression.pnk,3,12233,8386,5
1,Flapjack/Test/OriginalPancake/nested_expression.pnk,4,476945,220013,69
1,Flapjack/Test/OriginalPancake/nested_expression_deep.pnk,3,11652,7965,5
1,Flapjack/Test/OriginalPancake/nested_expression_deep.pnk,4,578155,259267,81
1,Flapjack/Test/OriginalPancake/nested_expression_sub.pnk,3,13055,8075,5
1,Flapjack/Test/OriginalPancake/nested_expression_sub.pnk,4,17963,16141,7
1,Flapjack/Test/OriginalPancake/wide_constants.pnk,3,11682,7424,5
1,Flapjack/Test/OriginalPancake/wide_constants.pnk,4,15539,12443,7
1,Flapjack/Test/OriginalPancake/dup_global.pnk,3,172995,111890,33
1,Flapjack/Test/OriginalPancake/dup_global.pnk,4,53711,37991,13
1,Flapjack/Test/OriginalPancake/nomain_global.pnk,3,86663,55103,19
1,Flapjack/Test/OriginalPancake/nomain_global.pnk,4,13285,8766,7
1,Flapjack/Test/OriginalPancake/callee_abi.pnk,3,10820,7374,5
1,Flapjack/Test/OriginalPancake/callee_abi.pnk,4,93766,45215,37
1,Flapjack/Test/OriginalPancake/callee_abi.pnk,5,49663,27482,11
1,Flapjack/Test/OriginalPancake/relational_condition.pnk,3,11401,7725,5
1,Flapjack/Test/OriginalPancake/relational_condition.pnk,4,27161,16061,7
1,Flapjack/Test/OriginalPancake/relational_condition.pnk,5,75882,45365,25
1,Flapjack/Test/OriginalPancake/conditional_comparators.pnk,3,31479,18986,5
1,Flapjack/Test/OriginalPancake/conditional_comparators.pnk,4,670669,229421,139
1,Flapjack/Test/OriginalPancake/conditional_comparators.pnk,5,88396,58299,25
1,Flapjack/Test/OriginalPancake/conditional_comparators.pnk,6,77095,45315,25
1,Flapjack/Test/OriginalPancake/conditional_comparators.pnk,7,64091,36749,25
1,Flapjack/Test/OriginalPancake/conditional_comparators.pnk,8,60053,30307,25
1,Flapjack/Test/OriginalPancake/hello.pnk,3,16892,10289,5
1,Flapjack/Test/OriginalPancake/hello.pnk,4,462439,190337,88
1,Flapjack/Test/OriginalPancake/ffi_runtime_image.pnk,3,14597,8907,5
1,Flapjack/Test/OriginalPancake/ffi_runtime_image.pnk,4,91251,42570,23
1,Flapjack/Test/OriginalPancake/default_handler_ffi.pnk,3,13816,8516,5
1,Flapjack/Test/OriginalPancake/default_handler_ffi.pnk,4,59912,21952,57
1,Flapjack/Test/OriginalPancake/default_handler_ffi.pnk,5,47950,28203,11
1,Flapjack/Test/OriginalPancake/caught_handler_ffi.pnk,3,13636,9467,5
1,Flapjack/Test/OriginalPancake/caught_handler_ffi.pnk,4,101641,28132,57
1,Flapjack/Test/OriginalPancake/caught_handler_ffi.pnk,5,46748,36238,11
1,Flapjack/Test/OriginalPancake/loop_local.pnk,3,12003,7524,5
1,Flapjack/Test/OriginalPancake/loop_local.pnk,4,204474,99466,46
1,Flapjack/Test/OriginalPancake/mul_const_zero.pnk,3,11582,7284,5
1,Flapjack/Test/OriginalPancake/mul_const_zero.pnk,4,18044,11552,7
1,Flapjack/Test/OriginalPancake/mul_const_zero.pnk,5,13035,7975,7
1,Flapjack/Test/OriginalPancake/mul_const_one.pnk,3,10550,7304,5
1,Flapjack/Test/OriginalPancake/mul_const_one.pnk,4,16992,11982,7
1,Flapjack/Test/OriginalPancake/mul_const_one.pnk,5,18204,11111,7
1,Flapjack/Test/OriginalPancake/mul_const_pow2.pnk,3,10499,6953,5
1,Flapjack/Test/OriginalPancake/mul_const_pow2.pnk,4,16712,11110,7
1,Flapjack/Test/OriginalPancake/mul_const_pow2.pnk,5,47339,42280,9
1,Flapjack/Test/OriginalPancake/f00028_allocator.pnk,3,19547,14547,5
1,Flapjack/Test/OriginalPancake/f00028_allocator.pnk,4,1337431,343625,178
1,Flapjack/Test/OriginalPancake/f00028_allocator.pnk,5,66184,55865,11
1,Flapjack/Test/OriginalPancake/f00028_allocator.pnk,6,35737,23374,9
1,Flapjack/Test/OriginalPancake/f00028_allocator.pnk,7,32711,15569,9
1,Flapjack/Test/OriginalPancake/f00028_allocator.pnk,8,31078,14788,9
1,Flapjack/Test/OriginalPancake/mul64x64_allocator.pnk,3,14848,10099,5
1,Flapjack/Test/OriginalPancake/mul64x64_allocator.pnk,4,72777,36959,33
1,Flapjack/Test/OriginalPancake/mul64x64_allocator.pnk,5,733427,290585,125
1,Flapjack/Test/OriginalPancake/secp_accel_init_block.pnk,3,19317,12623,5
1,Flapjack/Test/OriginalPancake/secp_accel_init_block.pnk,4,74329,40757,15
1,Flapjack/Test/OriginalPancake/secp_accel_init_block.pnk,5,749447,307738,139
1,Flapjack/Test/OriginalPancake/secp_accel_modmul.pnk,3,42500,21630,5
1,Flapjack/Test/OriginalPancake/secp_accel_modmul.pnk,4,30447,24656,7
1,Flapjack/Test/OriginalPancake/secp_accel_modmul.pnk,5,680868,257323,109
1,Flapjack/Test/OriginalPancake/secp_accel_modmul.pnk,6,586511,203062,103
1,Flapjack/Test/OriginalPancake/secp_accel_modmul.pnk,7,576483,201368,103
1,Flapjack/Test/OriginalPancake/parameter_reassignment.pnk,3,23965,12804,5
1,Flapjack/Test/OriginalPancake/parameter_reassignment.pnk,4,24716,20729,7
1,Flapjack/Test/OriginalPancake/parameter_reassignment.pnk,5,413737,246222,55
1,Flapjack/Test/OriginalPancake/expression_load_offset.pnk,3,18555,10540,5
1,Flapjack/Test/OriginalPancake/expression_load_offset.pnk,4,420840,152596,103
1,Flapjack/Test/OriginalPancake/expression_load_offset.pnk,5,60143,41177,11
1,Flapjack/Test/OriginalPancake/expression_load_offset.pnk,6,29956,15589,9
1,Flapjack/Test/OriginalPancake/expression_load_offset.pnk,7,28474,14377,9
1,Flapjack/Test/OriginalPancake/subtract_operand_order.pnk,3,13375,8205,5
1,Flapjack/Test/OriginalPancake/subtract_operand_order.pnk,4,625635,187261,139
1,Flapjack/Test/OriginalPancake/subtract_operand_order.pnk,5,60193,36859,11
1,Flapjack/Test/OriginalPancake/subtract_operand_order.pnk,6,48131,27050,11
1,Flapjack/Test/OriginalPancake/subtract_operand_order.pnk,7,74039,35807,15
1,Flapjack/Test/OriginalPancake/subtract_operand_order.pnk,8,75572,37180,15
1,Flapjack/Test/OriginalPancake/shifted_load_address.pnk,3,12543,7985,5
1,Flapjack/Test/OriginalPancake/shifted_load_address.pnk,4,394020,125696,103
1,Flapjack/Test/OriginalPancake/shifted_load_address.pnk,5,103996,57698,13
1,Flapjack/Test/OriginalPancake/shifted_load_address.pnk,6,79479,44243,11
1,Flapjack/Test/OriginalPancake/shifted_load_address.pnk,7,43131,22492,9
1,Flapjack/Test/OriginalPancake/collapse_branch.pnk,3,13876,9367,5
1,Flapjack/Test/OriginalPancake/collapse_branch.pnk,4,19186,14968,7
1,Flapjack/Test/OriginalPancake/collapse_branch.pnk,5,12934,8396,7
1,Flapjack/Test/OriginalPancake/collapse_branch.pnk,6,19627,11231,7
1,Flapjack/Test/OriginalPancake/collapse_branch.pnk,7,18565,9969,7
1,Flapjack/Test/OriginalPancake/collapse_branch.pnk,8,17804,9908,7
1,Flapjack/Test/OriginalPancake/collapse_branch.pnk,9,12684,9378,7
1,Flapjack/Test/OriginalPancake/collapse_branch.pnk,10,1495046,447080,210
1,Flapjack/Test/OriginalPancake/collapse_branch_full.pnk,3,158708,114474,19
1,Flapjack/Test/OriginalPancake/collapse_branch_full.pnk,4,27963,17663,7
1,Flapjack/Test/OriginalPancake/collapse_branch_full.pnk,5,53270,32050,13
1,Flapjack/Test/OriginalPancake/collapse_branch_full.pnk,6,456146,261261,73
1,Flapjack/Test/OriginalPancake/collapse_branch_full.pnk,7,76594,41648,19
1,Flapjack/Test/OriginalPancake/collapse_branch_full.pnk,8,441288,160882,62
1,Flapjack/Test/OriginalPancake/collapse_branch_full.pnk,9,446277,124274,83
1,Flapjack/Test/OriginalPancake/collapse_branch_full.pnk,10,606428,237446,117
1,Flapjack/Test/OriginalPancake/collapse_branch_full.pnk,11,519015,200807,105
1,Flapjack/Test/OriginalPancake/collapse_branch_full.pnk,12,2645116,671501,374
1,Flapjack/Test/OriginalPancake/global_load_sharing.pnk,3,117951,86011,19
1,Flapjack/Test/OriginalPancake/global_load_sharing.pnk,4,393880,153167,85
1,Flapjack/Test/OriginalPancake/global_load_sharing.pnk,5,159810,93505,27
1,Flapjack/Test/OriginalPancake/global_load_sharing.pnk,6,184556,101861,35
1,Flapjack/Test/OriginalPancake/global_shifted_load_address.pnk,3,92975,59722,19
1,Flapjack/Test/OriginalPancake/global_shifted_load_address.pnk,4,224992,98666,61
1,Flapjack/Test/OriginalPancake/global_shifted_load_address.pnk,5,124564,70913,23
1,Flapjack/Test/OriginalPancake/address_shift_operand.pnk,3,12403,8195,5
1,Flapjack/Test/OriginalPancake/address_shift_operand.pnk,4,420369,138520,105
1,Flapjack/Test/OriginalPancake/address_shift_operand.pnk,5,69912,43491,13
1,Flapjack/Test/OriginalPancake/address_shift_operand.pnk,6,47359,29796,11
1,Flapjack/Test/OriginalPancake/address_shift_operand.pnk,7,107261,58510,19
1,Flapjack/Test/OriginalPancake/global_base_shift_address.pnk,3,86372,56816,19
1,Flapjack/Test/OriginalPancake/global_base_shift_address.pnk,4,812415,225293,173
1,Flapjack/Test/OriginalPancake/global_base_shift_address.pnk,5,210215,114194,23
1,Flapjack/Test/OriginalPancake/global_base_shift_address.pnk,6,65493,35617,15
1,Flapjack/Test/OriginalPancake/global_base_shift_address.pnk,7,136937,72416,25
1,Flapjack/Test/OriginalPancake/global_base_shift_address.pnk,8,72587,36388,17
1,Flapjack/Test/OriginalPancake/global_base_shift_address.pnk,9,130175,65813,25
1,Flapjack/Test/OriginalPancake/dec_temporary_cutset.pnk,3,15730,10329,5
1,Flapjack/Test/OriginalPancake/dec_temporary_cutset.pnk,4,555052,161623,131
1,Flapjack/Test/OriginalPancake/dec_temporary_cutset.pnk,5,54082,32070,11
1,Flapjack/Test/OriginalPancake/dec_temporary_cutset.pnk,6,32000,15399,9
1,Flapjack/Test/OriginalPancake/dec_temporary_cutset.pnk,7,360116,119664,84
1,Flapjack/Test/OriginalPancake/dec_temporary_cutset.pnk,8,347562,111329,84
1,Flapjack/Test/OriginalPancake/dec_temporary_cutset.pnk,9,458531,154300,98
1,Flapjack/Test/OriginalPancake/dec_temporary_cutset.pnk,10,413026,145132,94
1,Flapjack/Test/OriginalPancake/nested_binop_immediate.pnk,3,13536,8516,5
1,Flapjack/Test/OriginalPancake/nested_binop_immediate.pnk,4,1017260,267562,199
1,Flapjack/Test/OriginalPancake/nested_binop_immediate.pnk,5,87454,59522,17
1,Flapjack/Test/OriginalPancake/nested_binop_immediate.pnk,6,75762,47239,17
1,Flapjack/Test/OriginalPancake/nested_binop_immediate.pnk,7,73107,40336,17
1,Flapjack/Test/OriginalPancake/nested_binop_immediate.pnk,8,81773,45235,15
1,Flapjack/Test/OriginalPancake/nested_binop_immediate.pnk,9,72717,40686,15
1,Flapjack/Test/OriginalPancake/nested_binop_immediate.pnk,10,55624,30387,15
1,Flapjack/Test/OriginalPancake/loop_body_condition_fuse.pnk,3,20167,14257,5
1,Flapjack/Test/OriginalPancake/loop_body_condition_fuse.pnk,4,605236,194004,133
1,Flapjack/Test/OriginalPancake/loop_body_condition_fuse.pnk,5,201017,87364,52
1,Flapjack/Test/OriginalPancake/loop_body_condition_fuse.pnk,6,377068,155151,70
1,Flapjack/Test/OriginalPancake/loop_body_condition_fuse.pnk,7,603393,187241,97
1,Flapjack/Test/OriginalPancake/loop_body_condition_fuse.pnk,8,420349,145503,84
1,Flapjack/Test/OriginalPancake/process_message_empty_catch.pnk,3,16491,10700,5
1,Flapjack/Test/OriginalPancake/process_message_empty_catch.pnk,4,16140,14698,7
1,Flapjack/Test/OriginalPancake/process_message_empty_catch.pnk,5,13074,8546,7
1,Flapjack/Test/OriginalPancake/process_message_empty_catch.pnk,6,12073,7734,7
1,Flapjack/Test/OriginalPancake/process_message_empty_catch.pnk,7,219763,81162,79
1,Flapjack/Test/OriginalPancake/process_message_negative_offset.pnk,3,214243,142597,33
1,Flapjack/Test/OriginalPancake/process_message_negative_offset.pnk,4,20028,12183,7
1,Flapjack/Test/OriginalPancake/process_message_negative_offset.pnk,5,13064,8817,7
1,Flapjack/Test/OriginalPancake/process_message_negative_offset.pnk,6,13225,8235,7
1,Flapjack/Test/OriginalPancake/process_message_negative_offset.pnk,7,12864,7825,7
1,Flapjack/Test/OriginalPancake/process_message_negative_offset.pnk,8,13716,7614,7
1,Flapjack/Test/OriginalPancake/process_message_negative_offset.pnk,9,19075,10039,7
1,Flapjack/Test/OriginalPancake/process_message_negative_offset.pnk,10,690246,245852,199
1,Flapjack/Test/OriginalPancake/fp_pow4_copy_loop.pnk,3,159690,116889,19
1,Flapjack/Test/OriginalPancake/fp_pow4_copy_loop.pnk,4,173035,75211,45
1,Flapjack/Test/OriginalPancake/fp_pow4_copy_loop.pnk,5,228459,128692,35
1,Flapjack/Test/OriginalPancake/fp_pow4_copy_loop.pnk,6,112240,71835,13
1,Flapjack/Test/OriginalPancake/fp_pow4_copy_loop.pnk,7,117600,71384,23
1,Flapjack/Test/OriginalPancake/fp_pow4_copy_loop.pnk,8,70102,28103,13
1,Flapjack/Test/OriginalPancake/fp_pow4_copy_loop.pnk,9,62477,25949,13
1,Flapjack/Test/OriginalPancake/fp_pow4_copy_loop.pnk,10,8952748,1534050,627
1,Flapjack/Test/OriginalPancake/u256_add_carry.pnk,3,29124,19026,5
1,Flapjack/Test/OriginalPancake/u256_add_carry.pnk,4,181230,85631,45
1,Flapjack/Test/OriginalPancake/u256_add_carry.pnk,5,479390,173336,85
1,Flapjack/Test/OriginalPancake/u256_mul_full.pnk,3,38553,24175,5
1,Flapjack/Test/OriginalPancake/u256_mul_full.pnk,4,197371,88747,45
1,Flapjack/Test/OriginalPancake/u256_mul_full.pnk,5,785735,338886,125
1,Flapjack/Test/OriginalPancake/u256_mul_full.pnk,6,14408040,2615490,1265
1,Flapjack/Test/OriginalPancake/u256_mul_full_bitmap_wrap.pnk,3,37550,23054,5
1,Flapjack/Test/OriginalPancake/u256_mul_full_bitmap_wrap.pnk,4,24957,26941,7
1,Flapjack/Test/OriginalPancake/u256_mul_full_bitmap_wrap.pnk,5,744789,324619,125
1,Flapjack/Test/OriginalPancake/u256_mul_full_bitmap_wrap.pnk,6,6226289,1419746,681
1,Flapjack/Test/OriginalPancake/decode_payload_op_curr_heap_copy.pnk,3,153117,111931,19
1,Flapjack/Test/OriginalPancake/decode_payload_op_curr_heap_copy.pnk,4,13836,8797,7
1,Flapjack/Test/OriginalPancake/decode_payload_op_curr_heap_copy.pnk,5,12303,7614,7
1,Flapjack/Test/OriginalPancake/decode_payload_op_curr_heap_copy.pnk,6,12905,7363,7
1,Flapjack/Test/OriginalPancake/decode_payload_op_curr_heap_copy.pnk,7,325211,135093,83
1,Flapjack/Test/OriginalPancake/divmnu_copy_loop.pnk,3,148960,105518,19
1,Flapjack/Test/OriginalPancake/divmnu_copy_loop.pnk,4,13405,8616,7
1,Flapjack/Test/OriginalPancake/divmnu_copy_loop.pnk,5,12603,7665,7
1,Flapjack/Test/OriginalPancake/divmnu_copy_loop.pnk,6,306675,107262,54
1,Flapjack/Test/OriginalPancake/divmnu_copy_loop.pnk,7,4450144,712378,324
1,Flapjack/Test/OriginalPancake/bn_divmnu_allocator.pnk,3,38732,22452,5
1,Flapjack/Test/OriginalPancake/bn_divmnu_allocator.pnk,4,25468,22142,7
1,Flapjack/Test/OriginalPancake/bn_divmnu_allocator.pnk,5,12684,7875,7
1,Flapjack/Test/OriginalPancake/bn_divmnu_allocator.pnk,6,24756,15299,9
1,Flapjack/Test/OriginalPancake/bn_divmnu_allocator.pnk,7,17324936,3546377,1242
1,Flapjack/Test/OriginalPancake/gh1025_frame_bitmap.pnk,3,39414,22171,5
1,Flapjack/Test/OriginalPancake/gh1025_frame_bitmap.pnk,4,1691766,491373,292
1,Flapjack/Test/OriginalPancake/gh1025_frame_bitmap.pnk,5,82886,49072,11
1,Flapjack/Test/OriginalPancake/gh1025_frame_bitmap.pnk,6,32351,19617,9
1,Flapjack/Test/OriginalPancake/gh1025_frame_bitmap.pnk,7,32121,16050,9
1,Flapjack/Test/OriginalPancake/gh1025_frame_bitmap.pnk,8,30457,14888,9
1,Flapjack/Test/OriginalPancake/gh1025_frame_bitmap_f00000.pnk,3,37891,21240,5
1,Flapjack/Test/OriginalPancake/gh1025_frame_bitmap_f00000.pnk,4,842712,273683,211
1,Flapjack/Test/OriginalPancake/gh1025_frame_bitmap_f00000.pnk,5,94818,49032,11
1,Flapjack/Test/OriginalPancake/gh1025_frame_bitmap_f00000.pnk,6,38112,20498,9
1,Flapjack/Test/OriginalPancake/gh1025_frame_bitmap_f00000.pnk,7,32521,15880,9
1,Flapjack/Test/OriginalPancake/gh1025_frame_bitmap_f00000.pnk,8,30707,14999,9
1,Flapjack/Test/OriginalPancake/many_word_parameters.pnk,3,17462,16481,5
1,Flapjack/Test/OriginalPancake/many_word_parameters.pnk,4,98745,62608,23
1,Flapjack/Test/OriginalPancake/many_word_parameters.pnk,5,15519,8326,7
1,Flapjack/Test/OriginalPancake/many_word_parameters.pnk,6,14317,7805,7
1,Flapjack/Test/OriginalPancake/many_word_parameters.pnk,7,13926,7815,7
1,Flapjack/Test/OriginalPancake/wide_call_arguments.pnk,3,22622,14317,5
1,Flapjack/Test/OriginalPancake/wide_call_arguments.pnk,4,100318,61375,23
1,Flapjack/Test/OriginalPancake/wide_call_arguments.pnk,5,15650,8686,7
1,Flapjack/Test/OriginalPancake/wide_call_arguments.pnk,6,14187,7755,7
1,Flapjack/Test/OriginalPancake/wide_call_arguments.pnk,7,597983,197490,101
1,Flapjack/Test/OriginalPancake/wide_call_arguments.pnk,8,691779,223319,117
1,Flapjack/Test/OriginalPancake/secp256k1_recover.pnk,3,322646,205305,47
1,Flapjack/Test/OriginalPancake/secp256k1_recover.pnk,4,15238,9789,7
1,Flapjack/Test/OriginalPancake/secp256k1_recover.pnk,5,286087,124263,59
1,Flapjack/Test/OriginalPancake/secp256k1_recover.pnk,6,409239,173956,73
1,Flapjack/Test/OriginalPancake/secp256k1_recover.pnk,7,47168,25629,13
1,Flapjack/Test/OriginalPancake/secp256k1_recover.pnk,8,96621,48281,23
1,Flapjack/Test/OriginalPancake/secp256k1_recover.pnk,9,362189,184727,55
1,Flapjack/Test/OriginalPancake/secp256k1_recover.pnk,10,202190,100629,43
1,Flapjack/Test/OriginalPancake/secp256k1_recover.pnk,11,403357,140313,111
1,Flapjack/Test/OriginalPancake/secp256k1_recover.pnk,12,62036,31850,25
1,Flapjack/Test/OriginalPancake/secp256k1_recover.pnk,13,164659,81703,37
1,Flapjack/Test/OriginalPancake/secp256k1_recover.pnk,14,214472,92514,79
1,Flapjack/Test/OriginalPancake/secp256k1_recover.pnk,15,253375,102703,69
1,Flapjack/Test/OriginalPancake/secp256k1_recover.pnk,16,328827,151395,53
1,Flapjack/Test/OriginalPancake/secp256k1_recover.pnk,17,339637,135024,133
1,Flapjack/Test/OriginalPancake/secp256k1_recover.pnk,18,446949,145754,85
1,Flapjack/Test/OriginalPancake/secp256k1_recover.pnk,19,483387,171031,87
1,Flapjack/Test/OriginalPancake/secp256k1_recover.pnk,20,693261,270819,125
1,Flapjack/Test/OriginalPancake/secp256k1_recover.pnk,21,1290863,476264,177
1,Flapjack/Test/OriginalPancake/secp256k1_recover.pnk,22,554871,196028,169
1,Flapjack/Test/OriginalPancake/secp256k1_recover.pnk,23,2646839,745129,360
1,Flapjack/Test/OriginalPancake/secp256k1_recover.pnk,24,1389819,349045,273
1,Flapjack/Test/OriginalPancake/secp256k1_recover.pnk,25,721214,292970,139
1,Flapjack/Test/OriginalPancake/secp256k1_recover.pnk,26,515929,215384,137
1,Flapjack/Test/OriginalPancake/secp256k1_recover.pnk,27,660209,217729,117
1,Flapjack/Test/OriginalPancake/secp256k1_recover.pnk,28,677692,230573,119
1,Flapjack/Test/OriginalPancake/secp256k1_recover.pnk,29,1023962,261151,181
1,Flapjack/Test/OriginalPancake/secp256k1_recover.pnk,30,320692,103735,75
1,Flapjack/Test/OriginalPancake/secp256k1_recover.pnk,31,132479,45826,21
1,Flapjack/Test/OriginalPancake/secp256k1_recover.pnk,32,117771,41658,21
1,Flapjack/Test/OriginalPancake/secp256k1_recover.pnk,33,8784282,1499805,627
1,Flapjack/Test/OriginalPancake/secp256k1_recover.pnk,34,146385,80441,21
1,Flapjack/Test/OriginalPancake/secp256k1_recover.pnk,35,112982,42600,21
1,Flapjack/Test/OriginalPancake/secp256k1_recover.pnk,36,131227,45225,21
1,Flapjack/Test/OriginalPancake/secp256k1_recover.pnk,37,9193059,1516386,659
1,Flapjack/Test/OriginalPancake/secp256k1_recover.pnk,38,152937,84098,21
1,Flapjack/Test/OriginalPancake/secp256k1_recover.pnk,39,351159,156444,89
1,Flapjack/Test/OriginalPancake/secp256k1_recover.pnk,40,497013,167234,105
1,Flapjack/Test/OriginalPancake/secp256k1_recover.pnk,41,156243,60854,29
1,Flapjack/Test/OriginalPancake/secp256k1_recover.pnk,42,1701735,392867,323
1,Flapjack/Test/OriginalPancake/secp256k1_recover.pnk,43,1432178,401634,289
1,Flapjack/Test/OriginalPancake/secp256k1_recover.pnk,44,4927180,1162983,689
1,Flapjack/Test/OriginalPancake/secp256k1_recover.pnk,45,51754673,5682498,1872
1,Flapjack/Test/OriginalPancake/secp256k1_recover.pnk,46,1968215,501071,371
1,Flapjack/Test/OriginalPancake/secp256k1_recover.pnk,47,3709094,756219,553
1,Flapjack/Test/OriginalPancake/secp256k1_recover.pnk,48,12294562,1820457,1031
1,Flapjack/Test/OriginalPancake/spilled_load_offset.pnk,3,37069,22483,5
1,Flapjack/Test/OriginalPancake/spilled_load_offset.pnk,4,347011,142237,77
1,Flapjack/Test/OriginalPancake/spilled_load_offset.pnk,5,17072,10430,7
1,Flapjack/Test/OriginalPancake/spilled_load_offset.pnk,6,1526335,471636,245
1,Flapjack/Test/OriginalPancake/spilled_load_offset.pnk,7,43151,20669,11
1,Flapjack/Test/OriginalPancake/allocator_colour_permutation.pnk,3,14908,9247,5
1,Flapjack/Test/OriginalPancake/allocator_colour_permutation.pnk,4,15549,13886,7
1,Flapjack/Test/OriginalPancake/allocator_colour_permutation.pnk,5,23044,13996,9
1,Flapjack/Test/OriginalPancake/allocator_colour_permutation.pnk,6,477236,162676,114
1,Flapjack/Test/OriginalPancake/set_transient_storage_copy_class.pnk,3,136737,95800,19
1,Flapjack/Test/OriginalPancake/set_transient_storage_copy_class.pnk,4,89578,39063,23
1,Flapjack/Test/OriginalPancake/set_transient_storage_copy_class.pnk,5,54252,32100,11
1,Flapjack/Test/OriginalPancake/set_transient_storage_copy_class.pnk,6,90700,44183,21
1,Flapjack/Test/OriginalPancake/set_transient_storage_copy_class.pnk,7,13095,8095,7
1,Flapjack/Test/OriginalPancake/set_transient_storage_copy_class.pnk,8,11953,7704,7
1,Flapjack/Test/OriginalPancake/set_transient_storage_copy_class.pnk,9,12013,7734,7
1,Flapjack/Test/OriginalPancake/set_transient_storage_copy_class.pnk,10,1029573,320582,219
1,Flapjack/Test/OriginalPancake/wide_add_constant.pnk,3,11702,7614,5
1,Flapjack/Test/OriginalPancake/wide_add_constant.pnk,4,14447,9368,7
1,Flapjack/Test/OriginalPancake/wide_call_arity.pnk,3,39033,23805,5
1,Flapjack/Test/OriginalPancake/wide_call_arity.pnk,4,618040,224712,131
1,Flapjack/Test/OriginalPancake/wide_call_arity.pnk,5,23614,14017,7
1,Flapjack/Test/OriginalPancake/wide_call_arity.pnk,6,14287,7724,7
1,Flapjack/Test/OriginalPancake/wide_call_arity.pnk,7,14146,7755,7
1,Flapjack/Test/OriginalPancake/wide_call_arity.pnk,8,15960,8797,7
1,Flapjack/Test/OriginalPancake/wide_call_arity.pnk,9,1181117,382017,177
1,Flapjack/Test/OriginalPancake/wide_call_arity.pnk,10,1359362,449955,189
1,Flapjack/Test/OriginalPancake/wide_call_arity.pnk,11,1607528,486383,213
1,Flapjack/Test/OriginalPancake/wide_call_arity.pnk,12,1997260,621787,261
1,Flapjack/Test/OriginalPancake/wide_return_22.pnk,3,35437,20127,5
1,Flapjack/Test/OriginalPancake/wide_return_22.pnk,4,22231,25719,7
1,Flapjack/Test/OriginalPancake/wide_return_22.pnk,5,383830,113083,49
1,Flapjack/Test/OriginalPancake/wide_call_spilled_base.pnk,3,37751,21300,5
1,Flapjack/Test/OriginalPancake/wide_call_spilled_base.pnk,4,179747,87234,49
1,Flapjack/Test/OriginalPancake/wide_call_spilled_base.pnk,5,17243,8876,7
1,Flapjack/Test/OriginalPancake/wide_call_spilled_base.pnk,6,1432179,474260,201
1,Flapjack/Test/OriginalPancake/f00226_mks_out_of_range_shift.pnk,3,23525,12032,5
1,Flapjack/Test/OriginalPancake/f00226_mks_out_of_range_shift.pnk,4,140604,88857,35
1,Flapjack/Test/OriginalPancake/f00226_mks_out_of_range_shift.pnk,5,32471,16220,9
1,Flapjack/Test/OriginalPancake/loop_to_word_unbound_var.pnk,3,11902,7484,5
1,Flapjack/Test/OriginalPancake/loop_to_word_unbound_var.pnk,4,218440,123412,51
1,Flapjack/Test/OriginalPancake/loop_to_word_unbound_var.pnk,5,14237,8716,7
1,Flapjack/Test/OriginalPancake/loop_to_word_exception_fallback.pnk,3,10710,7504,5
1,Flapjack/Test/OriginalPancake/loop_to_word_exception_fallback.pnk,4,48972,30688,19
1,Flapjack/Test/OriginalPancake/f00226_mks_out_of_range_shift.pnk,3,10851,7003,5
1,Flapjack/Test/OriginalPancake/f00226_mks_out_of_range_shift.pnk,4,119785,58269,35
1,Flapjack/Test/OriginalPancake/f00226_mks_out_of_range_shift.pnk,5,32281,16270,9
1,Flapjack/Test/OriginalPancake/op_dispatch_relocation_boundary.pnk,3,37280,23084,5
1,Flapjack/Test/OriginalPancake/op_dispatch_relocation_boundary.pnk,4,24215,22923,7
1,Flapjack/Test/OriginalPancake/op_dispatch_relocation_boundary.pnk,5,11873,7995,7
1,Flapjack/Test/OriginalPancake/op_dispatch_relocation_boundary.pnk,6,11441,7545,7
1,Flapjack/Test/OriginalPancake/op_dispatch_relocation_boundary.pnk,7,11291,7514,7
1,Flapjack/Test/OriginalPancake/op_dispatch_relocation_boundary.pnk,8,11160,7394,7
1,Flapjack/Test/OriginalPancake/op_dispatch_relocation_boundary.pnk,9,11071,7364,7
1,Flapjack/Test/OriginalPancake/op_dispatch_relocation_boundary.pnk,10,11131,7414,7
1,Flapjack/Test/OriginalPancake/op_dispatch_relocation_boundary.pnk,11,11161,7194,7
1,Flapjack/Test/OriginalPancake/op_dispatch_relocation_boundary.pnk,12,11070,7344,7
1,Flapjack/Test/OriginalPancake/op_dispatch_relocation_boundary.pnk,13,11121,7254,7
1,Flapjack/Test/OriginalPancake/op_dispatch_relocation_boundary.pnk,14,11020,7134,7
1,Flapjack/Test/OriginalPancake/op_dispatch_relocation_boundary.pnk,15,11041,7253,7
1,Flapjack/Test/OriginalPancake/op_dispatch_relocation_boundary.pnk,16,13876,7364,7
1,Flapjack/Test/OriginalPancake/op_dispatch_relocation_boundary.pnk,17,11031,7314,7
1,Flapjack/Test/OriginalPancake/op_dispatch_relocation_boundary.pnk,18,10980,7254,7
1,Flapjack/Test/OriginalPancake/op_dispatch_relocation_boundary.pnk,19,10881,7253,7
1,Flapjack/Test/OriginalPancake/op_dispatch_relocation_boundary.pnk,20,10880,7294,7
1,Flapjack/Test/OriginalPancake/op_dispatch_relocation_boundary.pnk,21,11021,7173,7
1,Flapjack/Test/OriginalPancake/op_dispatch_relocation_boundary.pnk,22,11231,7534,7
1,Flapjack/Test/OriginalPancake/op_dispatch_relocation_boundary.pnk,23,11071,7284,7
1,Flapjack/Test/OriginalPancake/op_dispatch_relocation_boundary.pnk,24,10910,8286,7
1,Flapjack/Test/OriginalPancake/op_dispatch_relocation_boundary.pnk,25,11141,7314,7
1,Flapjack/Test/OriginalPancake/op_dispatch_relocation_boundary.pnk,26,13465,7775,7
1,Flapjack/Test/OriginalPancake/op_dispatch_relocation_boundary.pnk,27,18424,12223,7
1,Flapjack/Test/OriginalPancake/op_dispatch_relocation_boundary.pnk,28,20719,13104,7
1,Flapjack/Test/OriginalPancake/op_dispatch_relocation_boundary.pnk,29,20889,13435,7
1,Flapjack/Test/OriginalPancake/op_dispatch_relocation_boundary.pnk,30,12313,8095,7
1,Flapjack/Test/OriginalPancake/op_dispatch_relocation_boundary.pnk,31,18695,11962,7
1,Flapjack/Test/OriginalPancake/op_dispatch_relocation_boundary.pnk,32,3461719,913144,1031
1,Flapjack/Test/OriginalPancake/op_dispatch_label_stability.pnk,3,36127,22302,5
1,Flapjack/Test/OriginalPancake/op_dispatch_label_stability.pnk,4,24236,20979,7
1,Flapjack/Test/OriginalPancake/op_dispatch_label_stability.pnk,5,11873,7794,7
1,Flapjack/Test/OriginalPancake/op_dispatch_label_stability.pnk,6,11522,7564,7
1,Flapjack/Test/OriginalPancake/op_dispatch_label_stability.pnk,7,16371,10800,7
1,Flapjack/Test/OriginalPancake/op_dispatch_label_stability.pnk,8,11812,7635,7
1,Flapjack/Test/OriginalPancake/op_dispatch_label_stability.pnk,9,11302,7263,7
1,Flapjack/Test/OriginalPancake/op_dispatch_label_stability.pnk,10,11291,7314,7
1,Flapjack/Test/OriginalPancake/op_dispatch_label_stability.pnk,11,12754,7374,7
1,Flapjack/Test/OriginalPancake/op_dispatch_label_stability.pnk,12,11051,7234,7
1,Flapjack/Test/OriginalPancake/op_dispatch_label_stability.pnk,13,11351,7143,7
1,Flapjack/Test/OriginalPancake/op_dispatch_label_stability.pnk,14,11331,7304,7
1,Flapjack/Test/OriginalPancake/op_dispatch_label_stability.pnk,15,11291,7284,7
1,Flapjack/Test/OriginalPancake/op_dispatch_label_stability.pnk,16,18485,12213,7
1,Flapjack/Test/OriginalPancake/op_dispatch_label_stability.pnk,17,11632,7615,7
1,Flapjack/Test/OriginalPancake/op_dispatch_label_stability.pnk,18,11772,7825,7
1,Flapjack/Test/OriginalPancake/op_dispatch_label_stability.pnk,19,11652,7354,7
1,Flapjack/Test/OriginalPancake/op_dispatch_label_stability.pnk,20,11562,7494,7
1,Flapjack/Test/OriginalPancake/op_dispatch_label_stability.pnk,21,17152,7774,7
1,Flapjack/Test/OriginalPancake/op_dispatch_label_stability.pnk,22,11542,7414,7
1,Flapjack/Test/OriginalPancake/op_dispatch_label_stability.pnk,23,11161,7334,7
1,Flapjack/Test/OriginalPancake/op_dispatch_label_stability.pnk,24,11381,7384,7
1,Flapjack/Test/OriginalPancake/op_dispatch_label_stability.pnk,25,11331,7414,7
1,Flapjack/Test/OriginalPancake/op_dispatch_label_stability.pnk,26,10970,7204,7
1,Flapjack/Test/OriginalPancake/op_dispatch_label_stability.pnk,27,11120,7134,7
1,Flapjack/Test/OriginalPancake/op_dispatch_label_stability.pnk,28,11031,7133,7
1,Flapjack/Test/OriginalPancake/op_dispatch_label_stability.pnk,29,10990,7214,7
1,Flapjack/Test/OriginalPancake/op_dispatch_label_stability.pnk,30,17072,7324,7
1,Flapjack/Test/OriginalPancake/op_dispatch_label_stability.pnk,31,3608685,936498,1055
1,Flapjack/Test/OriginalPancake/op_dispatch_many.pnk,3,36789,22132,5
1,Flapjack/Test/OriginalPancake/op_dispatch_many.pnk,4,24606,21741,7
1,Flapjack/Test/OriginalPancake/op_dispatch_many.pnk,5,12073,7744,7
1,Flapjack/Test/OriginalPancake/op_dispatch_many.pnk,6,11501,7484,7
1,Flapjack/Test/OriginalPancake/op_dispatch_many.pnk,7,11672,7494,7
1,Flapjack/Test/OriginalPancake/op_dispatch_many.pnk,8,11401,7334,7
1,Flapjack/Test/OriginalPancake/op_dispatch_many.pnk,9,11361,9748,7
1,Flapjack/Test/OriginalPancake/op_dispatch_many.pnk,10,11522,7264,7
1,Flapjack/Test/OriginalPancake/op_dispatch_many.pnk,11,11441,7274,7
1,Flapjack/Test/OriginalPancake/op_dispatch_many.pnk,12,11252,7153,7
1,Flapjack/Test/OriginalPancake/op_dispatch_many.pnk,13,11241,7244,7
1,Flapjack/Test/OriginalPancake/op_dispatch_many.pnk,14,11351,7204,7
1,Flapjack/Test/OriginalPancake/op_dispatch_many.pnk,15,11572,7454,7
1,Flapjack/Test/OriginalPancake/op_dispatch_many.pnk,16,11401,8997,7
1,Flapjack/Test/OriginalPancake/op_dispatch_many.pnk,17,17293,7945,7
1,Flapjack/Test/OriginalPancake/op_dispatch_many.pnk,18,12203,7945,7
1,Flapjack/Test/OriginalPancake/op_dispatch_many.pnk,19,11602,7394,7
1,Flapjack/Test/OriginalPancake/op_dispatch_many.pnk,20,11502,7343,7
1,Flapjack/Test/OriginalPancake/op_dispatch_many.pnk,21,11572,7414,7
1,Flapjack/Test/OriginalPancake/op_dispatch_many.pnk,22,11722,7574,7
1,Flapjack/Test/OriginalPancake/op_dispatch_many.pnk,23,12363,8366,7
1,Flapjack/Test/OriginalPancake/op_dispatch_many.pnk,24,11492,7624,7
1,Flapjack/Test/OriginalPancake/op_dispatch_many.pnk,25,11612,7474,7
1,Flapjack/Test/OriginalPancake/op_dispatch_many.pnk,26,11432,7313,7
1,Flapjack/Test/OriginalPancake/op_dispatch_many.pnk,27,11612,7584,7
1,Flapjack/Test/OriginalPancake/op_dispatch_many.pnk,28,11262,7373,7
1,Flapjack/Test/OriginalPancake/op_dispatch_many.pnk,29,11372,7233,7
1,Flapjack/Test/OriginalPancake/op_dispatch_many.pnk,30,11181,7203,7
1,Flapjack/Test/OriginalPancake/op_dispatch_many.pnk,31,11521,7364,7
1,Flapjack/Test/OriginalPancake/op_dispatch_many.pnk,32,3440249,899067,1031
1,Flapjack/Test/OriginalPancake/op_dispatch_stored_length.pnk,3,38974,23874,5
1,Flapjack/Test/OriginalPancake/op_dispatch_stored_length.pnk,4,24537,22171,7
1,Flapjack/Test/OriginalPancake/op_dispatch_stored_length.pnk,5,11942,7785,7
1,Flapjack/Test/OriginalPancake/op_dispatch_stored_length.pnk,6,11401,7364,7
1,Flapjack/Test/OriginalPancake/op_dispatch_stored_length.pnk,7,11371,7394,7
1,Flapjack/Test/OriginalPancake/op_dispatch_stored_length.pnk,8,11452,7484,7
1,Flapjack/Test/OriginalPancake/op_dispatch_stored_length.pnk,9,11251,7384,7
1,Flapjack/Test/OriginalPancake/op_dispatch_stored_length.pnk,10,11231,7283,7
1,Flapjack/Test/OriginalPancake/op_dispatch_stored_length.pnk,11,11101,7143,7
1,Flapjack/Test/OriginalPancake/op_dispatch_stored_length.pnk,12,11562,7664,7
1,Flapjack/Test/OriginalPancake/op_dispatch_stored_length.pnk,13,11211,7253,7
1,Flapjack/Test/OriginalPancake/op_dispatch_stored_length.pnk,14,15049,9738,7
1,Flapjack/Test/OriginalPancake/op_dispatch_stored_length.pnk,15,16141,10359,7
1,Flapjack/Test/OriginalPancake/op_dispatch_stored_length.pnk,16,16872,11130,7
1,Flapjack/Test/OriginalPancake/op_dispatch_stored_length.pnk,17,16040,10260,7
1,Flapjack/Test/OriginalPancake/op_dispatch_stored_length.pnk,18,12283,8115,7
1,Flapjack/Test/OriginalPancake/op_dispatch_stored_length.pnk,19,11171,7343,7
1,Flapjack/Test/OriginalPancake/op_dispatch_stored_length.pnk,20,11262,7564,7
1,Flapjack/Test/OriginalPancake/op_dispatch_stored_length.pnk,21,11241,7324,7
1,Flapjack/Test/OriginalPancake/op_dispatch_stored_length.pnk,22,11211,7214,7
1,Flapjack/Test/OriginalPancake/op_dispatch_stored_length.pnk,23,17563,7474,7
1,Flapjack/Test/OriginalPancake/op_dispatch_stored_length.pnk,24,11191,7264,7
1,Flapjack/Test/OriginalPancake/op_dispatch_stored_length.pnk,25,11051,7163,7
1,Flapjack/Test/OriginalPancake/op_dispatch_stored_length.pnk,26,11001,7063,7
1,Flapjack/Test/OriginalPancake/op_dispatch_stored_length.pnk,27,11001,7103,7
1,Flapjack/Test/OriginalPancake/op_dispatch_stored_length.pnk,28,11141,7083,7
1,Flapjack/Test/OriginalPancake/op_dispatch_stored_length.pnk,29,11040,7034,7
1,Flapjack/Test/OriginalPancake/op_dispatch_stored_length.pnk,30,11040,7013,7
1,Flapjack/Test/OriginalPancake/op_dispatch_stored_length.pnk,31,11020,7104,7
1,Flapjack/Test/OriginalPancake/op_dispatch_stored_length.pnk,32,3714223,950174,1093
1,Flapjack/Test/OriginalPancake/f00014_loop_to_word_allocator.pnk,3,32060,26670,5
1,Flapjack/Test/OriginalPancake/f00014_loop_to_word_allocator.pnk,4,245751,140424,51
1,Flapjack/Test/OriginalPancake/f00014_loop_to_word_allocator.pnk,5,53550,28143,11
1,Flapjack/Test/OriginalPancake/f00238_handler_const_or.pnk,3,13104,8456,5
1,Flapjack/Test/OriginalPancake/f00238_handler_const_or.pnk,4,122079,51697,77
1,Flapjack/Test/OriginalPancake/f00238_handler_const_or.pnk,5,58941,34384,11
1,Flapjack/Test/OriginalPancake/f00017_nested_and_zero.pnk,3,15299,9808,5
1,Flapjack/Test/OriginalPancake/f00017_nested_and_zero.pnk,4,198603,72997,75
1,Flapjack/Test/OriginalPancake/f00017_nested_and_zero.pnk,5,59401,36990,11
1,Flapjack/Test/OriginalPancake/f00091_nested_and_constants.pnk,3,14347,10149,5
1,Flapjack/Test/OriginalPancake/f00091_nested_and_constants.pnk,4,138009,67567,37
1,Flapjack/Test/OriginalPancake/f00091_nested_and_constants.pnk,5,49082,26189,11
1,Flapjack/Test/OriginalPancake/f00091_nested_and_constants.pnk,6,32031,15529,9
1,Flapjack/Test/OriginalPancake/f00356_zero_shift_self_move.pnk,3,32661,20549,5
1,Flapjack/Test/OriginalPancake/f00356_zero_shift_self_move.pnk,4,721795,258746,140
1,Flapjack/Test/OriginalPancake/f00356_zero_shift_self_move.pnk,5,49633,27081,11
1,Flapjack/Test/OriginalPancake/f00356_zero_shift_self_move.pnk,6,31660,19316,9
1,Flapjack/Test/OriginalPancake/f00356_zero_shift_self_move.pnk,7,31259,21069,9
1,Flapjack/Test/OriginalPancake/f00356_zero_shift_self_move.pnk,8,30757,14638,9
1,Flapjack/Test/OriginalPancake/f00484_nested_and_store.pnk,3,27181,16951,5
1,Flapjack/Test/OriginalPancake/f00484_nested_and_store.pnk,4,769365,254688,148
1,Flapjack/Test/OriginalPancake/f00484_nested_and_store.pnk,5,50635,27903,11
1,Flapjack/Test/OriginalPancake/f00484_nested_and_store.pnk,6,30347,19005,9
1,Flapjack/Test/OriginalPancake/f00484_nested_and_store.pnk,7,31289,16671,9
1,Flapjack/Test/OriginalPancake/f00484_nested_and_store.pnk,8,30227,14718,9
1,Flapjack/Test/OriginalPancake/f00325_zero_shift_self_move.pnk,3,20298,12864,5
1,Flapjack/Test/OriginalPancake/f00325_zero_shift_self_move.pnk,4,503065,173055,118
1,Flapjack/Test/OriginalPancake/f00325_zero_shift_self_move.pnk,5,37060,24235,9
1,Flapjack/Test/OriginalPancake/f00325_zero_shift_self_move.pnk,6,31559,15349,9
1,Flapjack/Test/OriginalPancake/dead_if_branches.pnk,3,11472,7323,5
1,Flapjack/Test/OriginalPancake/dead_if_branches.pnk,4,17723,12584,11
1,Flapjack/Test/OriginalPancake/f00356_zero_shift_self_move.pnk,3,23655,14387,5
1,Flapjack/Test/OriginalPancake/f00356_zero_shift_self_move.pnk,4,732555,255971,140
1,Flapjack/Test/OriginalPancake/f00356_zero_shift_self_move.pnk,5,70593,43912,11
1,Flapjack/Test/OriginalPancake/f00356_zero_shift_self_move.pnk,6,38342,23745,9
1,Flapjack/Test/OriginalPancake/f00356_zero_shift_self_move.pnk,7,31619,15710,9
1,Flapjack/Test/OriginalPancake/f00356_zero_shift_self_move.pnk,8,30547,15048,9
1,Flapjack/Test/OriginalPancake/f00042_zero_add_register_fusion.pnk,3,31529,19116,5
1,Flapjack/Test/OriginalPancake/f00042_zero_add_register_fusion.pnk,4,731594,251823,140
1,Flapjack/Test/OriginalPancake/f00042_zero_add_register_fusion.pnk,5,80090,51878,11
1,Flapjack/Test/OriginalPancake/f00042_zero_add_register_fusion.pnk,6,34535,26820,9
1,Flapjack/Test/OriginalPancake/f00042_zero_add_register_fusion.pnk,7,31719,15539,9
1,Flapjack/Test/OriginalPancake/f00042_zero_add_register_fusion.pnk,8,30447,14387,9
1,Flapjack/Test/OriginalPancake/f00460_nested_handler_constant_fold.pnk,3,20738,12714,5
1,Flapjack/Test/OriginalPancake/f00460_nested_handler_constant_fold.pnk,4,218109,78418,91
1,Flapjack/Test/OriginalPancake/f00460_nested_handler_constant_fold.pnk,5,74409,44674,11
1,Flapjack/Test/OriginalPancake/f00460_nested_handler_constant_fold.pnk,6,33934,22903,9
1,Flapjack/Test/OriginalPancake/f00460_nested_handler_constant_fold.pnk,7,31308,15449,9
1,Flapjack/Test/OriginalPancake/f01451_out_of_range_shift.pnk,3,116539,76173,21
1,Flapjack/Test/OriginalPancake/f01451_out_of_range_shift.pnk,4,61014,37290,11
1,Flapjack/Test/OriginalPancake/f00228_copy_share_store.pnk,3,35226,20328,5
1,Flapjack/Test/OriginalPancake/f00228_copy_share_store.pnk,4,1068185,385895,221
1,Flapjack/Test/OriginalPancake/f00228_copy_share_store.pnk,5,87223,60574,11
1,Flapjack/Test/OriginalPancake/f00228_copy_share_store.pnk,6,40216,26870,9
1,Flapjack/Test/OriginalPancake/f00228_copy_share_store.pnk,7,32150,15670,9
1,Flapjack/Test/OriginalPancake/f00228_copy_share_store.pnk,8,30036,19957,9
1,Flapjack/Test/OriginalPancake/input_blob_load_selector.pnk,3,387788,214192,61
1,Flapjack/Test/OriginalPancake/input_blob_load_selector.pnk,4,56155,29034,27
1,Flapjack/Test/OriginalPancake/input_blob_load_selector.pnk,5,335711,172023,59
1,Flapjack/Test/OriginalPancake/input_blob_load_selector.pnk,6,277180,157376,51
1,Flapjack/Test/OriginalPancake/input_blob_load_selector.pnk,7,426871,191520,73
1,Flapjack/Test/OriginalPancake/input_blob_load_selector.pnk,8,570200,216216,102
1,Flapjack/Test/OriginalPancake/gh1039_handled_call_labels.pnk,3,19456,11662,5
1,Flapjack/Test/OriginalPancake/gh1039_handled_call_labels.pnk,4,21681,16050,7
1,Flapjack/Test/OriginalPancake/gh1039_handled_call_labels.pnk,5,18184,11862,7
1,Flapjack/Test/OriginalPancake/gh1039_handled_call_labels.pnk,6,57999,25628,41
1,Flapjack/Test/OriginalPancake/pxn98_unreach_elim.pnk,3,12904,8155,5
1,Flapjack/Test/OriginalPancake/pxn98_unreach_elim.pnk,4,21260,15348,7
1,Flapjack/Test/OriginalPancake/pxn98_unreach_elim.pnk,5,76083,35186,21
1,Flapjack/Test/OriginalPancake/nested_immediate_carrier.pnk,3,11411,7314,5
1,Flapjack/Test/OriginalPancake/nested_immediate_carrier.pnk,4,18114,11411,7
1,Flapjack/Test/OriginalPancake/nested_immediate_carrier.pnk,5,46597,37531,9
1,Flapjack/Test/OriginalPancake/nested_shift_immediate_carrier.pnk,3,11041,7163,5
1,Flapjack/Test/OriginalPancake/nested_shift_immediate_carrier.pnk,4,17443,11080,7
1,Flapjack/Test/OriginalPancake/nested_shift_immediate_carrier.pnk,5,43201,31700,9
1,Flapjack/Test/OriginalPancake/nested_register_carrier.pnk,3,9909,7053,5
1,Flapjack/Test/OriginalPancake/nested_register_carrier.pnk,4,30999,15188,9
1,Flapjack/Test/OriginalPancake/nested_register_carrier.pnk,5,52819,28764,11
1,Flapjack/Test/OriginalPancake/secp256k1_recover.pnk,3,358073,220864,47
1,Flapjack/Test/OriginalPancake/secp256k1_recover.pnk,4,15790,9678,7
1,Flapjack/Test/OriginalPancake/secp256k1_recover.pnk,5,306225,145864,59
1,Flapjack/Test/OriginalPancake/secp256k1_recover.pnk,6,402746,166192,73
1,Flapjack/Test/OriginalPancake/secp256k1_recover.pnk,7,46087,24485,13
1,Flapjack/Test/OriginalPancake/secp256k1_recover.pnk,8,95279,46978,23
1,Flapjack/Test/OriginalPancake/secp256k1_recover.pnk,9,362771,187973,55
1,Flapjack/Test/OriginalPancake/secp256k1_recover.pnk,10,204825,101681,43
1,Flapjack/Test/OriginalPancake/secp256k1_recover.pnk,11,422192,147447,111
1,Flapjack/Test/OriginalPancake/secp256k1_recover.pnk,12,64821,33664,25
1,Flapjack/Test/OriginalPancake/secp256k1_recover.pnk,13,175309,83537,37
1,Flapjack/Test/OriginalPancake/secp256k1_recover.pnk,14,214533,99768,79
1,Flapjack/Test/OriginalPancake/secp256k1_recover.pnk,15,264326,104296,69
1,Flapjack/Test/OriginalPancake/secp256k1_recover.pnk,16,337684,162615,53
1,Flapjack/Test/OriginalPancake/secp256k1_recover.pnk,17,349476,139201,133
1,Flapjack/Test/OriginalPancake/secp256k1_recover.pnk,18,466837,152346,85
1,Flapjack/Test/OriginalPancake/secp256k1_recover.pnk,19,506991,184507,87
1,Flapjack/Test/OriginalPancake/secp256k1_recover.pnk,20,719701,276529,125
1,Flapjack/Test/OriginalPancake/secp256k1_recover.pnk,21,1301884,491272,177
1,Flapjack/Test/OriginalPancake/secp256k1_recover.pnk,22,602350,233309,169
1,Flapjack/Test/OriginalPancake/secp256k1_recover.pnk,23,2684900,776368,360
1,Flapjack/Test/OriginalPancake/secp256k1_recover.pnk,24,1315941,376717,273
1,Flapjack/Test/OriginalPancake/secp256k1_recover.pnk,25,729209,289523,139
1,Flapjack/Test/OriginalPancake/secp256k1_recover.pnk,26,528432,214463,137
1,Flapjack/Test/OriginalPancake/secp256k1_recover.pnk,27,673304,218520,117
1,Flapjack/Test/OriginalPancake/secp256k1_recover.pnk,28,698592,230552,119
1,Flapjack/Test/OriginalPancake/secp256k1_recover.pnk,29,1032298,261732,181
1,Flapjack/Test/OriginalPancake/secp256k1_recover.pnk,30,329369,104536,75
1,Flapjack/Test/OriginalPancake/secp256k1_recover.pnk,31,133361,46607,21
1,Flapjack/Test/OriginalPancake/secp256k1_recover.pnk,32,118182,42189,21
1,Flapjack/Test/OriginalPancake/secp256k1_recover.pnk,33,9064477,1489657,627
1,Flapjack/Test/OriginalPancake/secp256k1_recover.pnk,34,124934,50485,21
1,Flapjack/Test/OriginalPancake/secp256k1_recover.pnk,35,121908,42931,21
1,Flapjack/Test/OriginalPancake/secp256k1_recover.pnk,36,142397,47079,21
1,Flapjack/Test/OriginalPancake/secp256k1_recover.pnk,37,9380631,1543288,659
1,Flapjack/Test/OriginalPancake/secp256k1_recover.pnk,38,146876,72065,21
1,Flapjack/Test/OriginalPancake/secp256k1_recover.pnk,39,359986,158377,89
1,Flapjack/Test/OriginalPancake/secp256k1_recover.pnk,40,493957,167955,105
1,Flapjack/Test/OriginalPancake/secp256k1_recover.pnk,41,162295,61165,29
1,Flapjack/Test/OriginalPancake/secp256k1_recover.pnk,42,1720571,389751,323
1,Flapjack/Test/OriginalPancake/secp256k1_recover.pnk,43,1452026,408827,289
1,Flapjack/Test/OriginalPancake/secp256k1_recover.pnk,44,5013281,1143758,689
1,Flapjack/Test/OriginalPancake/secp256k1_recover.pnk,45,57555563,6049777,1872
1,Flapjack/Test/OriginalPancake/secp256k1_recover.pnk,46,2038026,494739,371
1,Flapjack/Test/OriginalPancake/secp256k1_recover.pnk,47,3876278,784312,553
1,Flapjack/Test/OriginalPancake/secp256k1_recover.pnk,48,12493064,1849612,1031
1,Flapjack/Test/OriginalPancake/f00484_nested_and_store.pnk,3,37992,23864,5
1,Flapjack/Test/OriginalPancake/f00484_nested_and_store.pnk,4,779904,263425,148
1,Flapjack/Test/OriginalPancake/f00484_nested_and_store.pnk,5,50094,27662,11
1,Flapjack/Test/OriginalPancake/f00484_nested_and_store.pnk,6,30888,19066,9
1,Flapjack/Test/OriginalPancake/f00484_nested_and_store.pnk,7,31199,15489,9
1,Flapjack/Test/OriginalPancake/f00484_nested_and_store.pnk,8,30107,14687,9
1,Flapjack/Test/OriginalPancake/f00232_nested_fold_order.pnk,3,34414,21671,5
1,Flapjack/Test/OriginalPancake/f00232_nested_fold_order.pnk,4,458721,179577,139
1,Flapjack/Test/OriginalPancake/f00232_nested_fold_order.pnk,5,53942,29204,11
1,Flapjack/Test/OriginalPancake/f00232_nested_fold_order.pnk,6,30998,19015,9
1,Flapjack/Test/OriginalPancake/f00232_nested_fold_order.pnk,7,31188,15229,9
1,Flapjack/Test/OriginalPancake/f00232_nested_fold_order.pnk,8,30307,14547,9
1,Flapjack/Test/OriginalPancake/output_write.pnk,3,12844,9017,5
1,Flapjack/Test/OriginalPancake/output_write.pnk,4,32922,23043,9
1,Flapjack/Test/OriginalPancake/output_write.pnk,5,372359,149611,62
1,Flapjack/Test/OriginalPancake/decs_stcnames.pnk,3,11211,7234,5
1,Flapjack/Test/OriginalPancake/decs_stcnames.pnk,4,13505,9067,7
1,Flapjack/Test/OriginalPancake/ffi_constant_false.pnk,3,10260,6973,5
1,Flapjack/Test/OriginalPancake/ffi_constant_false.pnk,4,28624,17663,17
1,Flapjack/Test/OriginalPancake/evaluate_decls.pnk,3,92964,64101,19
1,Flapjack/Test/OriginalPancake/evaluate_decls.pnk,4,46678,27962,13
1,Flapjack/Test/OriginalPancake/lookup_code.pnk,3,10589,7294,5
1,Flapjack/Test/OriginalPancake/lookup_code.pnk,4,17122,10350,7
1,Flapjack/Test/OriginalPancake/lookup_code.pnk,5,18344,11121,7
1,Flapjack/Test/OriginalPancake/semantics_decls.pnk,3,77035,43832,19
1,Flapjack/Test/OriginalPancake/semantics_decls.pnk,4,45415,25518,13
1,Flapjack/Test/OriginalPancake/upd_locals.pnk,3,10350,7093,5
1,Flapjack/Test/OriginalPancake/upd_locals.pnk,4,16862,10619,7
1,Flapjack/Test/OriginalPancake/upd_locals.pnk,5,19427,11021,7
1,Flapjack/Test/OriginalPancake/f00097_ssa_unmapped_zero.pnk,3,19056,13856,5
1,Flapjack/Test/OriginalPancake/f00097_ssa_unmapped_zero.pnk,4,357601,165301,101
1,Flapjack/Test/OriginalPancake/f00097_ssa_unmapped_zero.pnk,5,14908,9257,7
1,Flapjack/Test/OriginalPancake/f00097_ssa_unmapped_zero.pnk,6,12794,7824,7
1,Flapjack/Test/OriginalPancake/f00097_ssa_unmapped_zero.pnk,7,31730,15990,9
1,Flapjack/Test/OriginalPancake/stack_args_overflow_slots.pnk,3,38392,22402,5
1,Flapjack/Test/OriginalPancake/stack_args_overflow_slots.pnk,4,494999,188073,109
1,Flapjack/Test/OriginalPancake/stack_args_overflow_slots.pnk,5,18014,9738,7
1,Flapjack/Test/OriginalPancake/stack_args_overflow_slots.pnk,6,14968,7674,7
1,Flapjack/Test/OriginalPancake/stack_args_overflow_slots.pnk,7,14908,7705,7
1,Flapjack/Test/OriginalPancake/stack_args_overflow_slots.pnk,8,1383588,466055,189
1,Flapjack/Test/OriginalPancake/stack_args_overflow_slots.pnk,9,1430296,452780,201
1,Flapjack/Test/OriginalPancake/stack_args_overflow_slots.pnk,10,1679894,526739,225
1,Flapjack/Test/OriginalPancake/wide_constants_boundaries.pnk,3,15679,11382,5
1,Flapjack/Test/OriginalPancake/wide_constants_boundaries.pnk,4,1174775,297278,187
1,Flapjack/Test/OriginalPancake/wide_constants_boundaries.pnk,5,23684,12494,7
1,Flapjack/Test/OriginalPancake/wide_constants_boundaries.pnk,6,12433,7885,7
1,Flapjack/Test/OriginalPancake/wide_constants_boundaries.pnk,7,11933,7594,7
1,Flapjack/Test/OriginalPancake/wide_constants_boundaries.pnk,8,11862,7514,7
1,Flapjack/Test/OriginalPancake/wide_constants_boundaries.pnk,9,11672,7504,7
1,Flapjack/Test/OriginalPancake/wide_constants_boundaries.pnk,10,11782,7694,7
1,Flapjack/Test/OriginalPancake/wide_constants_boundaries.pnk,11,11802,7544,7
1,Flapjack/Test/OriginalPancake/nested_shape_22_fields.pnk,3,12533,8235,5
1,Flapjack/Test/OriginalPancake/nested_shape_22_fields.pnk,4,15178,10219,7
1,Flapjack/Test/OriginalPancake/nested_shape_22_fields.pnk,5,11962,11862,7
1,Flapjack/Test/OriginalPancake/gh1049_stack_alloc.pnk,3,10960,7384,5
1,Flapjack/Test/OriginalPancake/gh1049_stack_alloc.pnk,4,121859,65943,41
1,Flapjack/Test/OriginalPancake/gh1049_stack_alloc.pnk,5,15168,9438,7
1,Flapjack/Test/OriginalPancake/f00634_dead_raise.pnk,3,120527,88225,19
1,Flapjack/Test/OriginalPancake/f00634_dead_raise.pnk,4,735922,266059,138
1,Flapjack/Test/OriginalPancake/f00634_dead_raise.pnk,5,15619,9738,7
1,Flapjack/Test/OriginalPancake/f01266_raise_live_continuation.pnk,3,22402,12784,5
1,Flapjack/Test/OriginalPancake/f01266_raise_live_continuation.pnk,4,352482,169829,85
1,Flapjack/Test/OriginalPancake/f01266_raise_live_continuation.pnk,5,55995,30307,11
1,Flapjack/Test/OriginalPancake/ordinary_subword_offsets.pnk,3,15298,9959,5
1,Flapjack/Test/OriginalPancake/ordinary_subword_offsets.pnk,4,247395,125105,49
1,Flapjack/Test/OriginalPancake/odd_halfword_offset.pnk,3,13175,7955,5
1,Flapjack/Test/OriginalPancake/odd_halfword_offset.pnk,4,22151,16501,7
1,Flapjack/Test/OriginalPancake/odd_halfword_offset.pnk,5,55034,24726,17
1,Flapjack/Test/OriginalPancake/current_heap_or.pnk,3,10660,7214,5
1,Flapjack/Test/OriginalPancake/current_heap_or.pnk,4,30969,21049,9
1,Flapjack/Test/OriginalPancake/ready_last_argument_permutation.pnk,3,11321,7484,5
1,Flapjack/Test/OriginalPancake/ready_last_argument_permutation.pnk,4,374283,155482,61
1,Flapjack/Test/OriginalPancake/ready_last_argument_permutation.pnk,5,112802,55254,19
1,Flapjack/Test/OriginalPancake/store_offset_boundaries.pnk,3,11401,7715,5
1,Flapjack/Test/OriginalPancake/store_offset_boundaries.pnk,4,18435,12323,7
1,Flapjack/Test/OriginalPancake/store_offset_boundaries.pnk,5,185919,90179,39
1,Flapjack/Test/OriginalPancake/allocator_frame_handler_min.pnk,3,20559,11371,5
1,Flapjack/Test/OriginalPancake/allocator_frame_handler_min.pnk,4,476564,178305,142
1,Flapjack/Test/OriginalPancake/allocator_frame_handler_min.pnk,5,49232,42109,9
1,Flapjack/Test/OriginalPancake/allocator_frame_handler_min.pnk,6,32231,15489,9
1,Flapjack/Test/OriginalPancake/localise_load32_shadow.pnk,3,241934,313639,19
1,Flapjack/Test/OriginalPancake/localise_load32_shadow.pnk,4,19316,9207,7
1,Flapjack/Test/OriginalPancake/localise_load32_shadow.pnk,5,72726,42209,17
1,Flapjack/Test/OriginalPancake/localise_store32_shadow.pnk,3,79790,44974,19
1,Flapjack/Test/OriginalPancake/localise_store32_shadow.pnk,4,13665,8697,7
1,Flapjack/Test/OriginalPancake/localise_store32_shadow.pnk,5,66695,33293,19
1,Flapjack/Test/OriginalPancake/gh1126_load32_store32.pnk,3,78457,43943,19
1,Flapjack/Test/OriginalPancake/gh1126_load32_store32.pnk,4,13705,8687,7
1,Flapjack/Test/OriginalPancake/gh1126_load32_store32.pnk,5,68780,35626,17
1,Flapjack/Test/OriginalPancake/gh1126_load32_store32.pnk,6,65192,32521,19
1,Flapjack/Test/OriginalPancake/f01266_raise_continuation.pnk,3,17894,11201,5
1,Flapjack/Test/OriginalPancake/f01266_raise_continuation.pnk,4,314149,146405,85
1,Flapjack/Test/OriginalPancake/f01266_raise_continuation.pnk,5,58811,36919,11
1,Flapjack/Test/OriginalPancake/const_store_reuse.pnk,3,13044,9057,5
1,Flapjack/Test/OriginalPancake/const_store_reuse.pnk,4,54311,33814,15
1,Flapjack/Test/OriginalPancake/gh1127_local_store_base.pnk,3,11682,7955,5
1,Flapjack/Test/OriginalPancake/gh1127_local_store_base.pnk,4,61636,43001,17
1,Flapjack/Test/OriginalPancake/f84_frame_allocator.pnk,3,27953,17653,5
1,Flapjack/Test/OriginalPancake/f84_frame_allocator.pnk,4,343285,187552,81
1,Flapjack/Test/OriginalPancake/f84_frame_allocator.pnk,5,71274,50876,11
1,Flapjack/Test/OriginalPancake/f84_frame_allocator.pnk,6,39494,31419,9
1,Flapjack/Test/OriginalPancake/f84_frame_allocator.pnk,7,32782,15779,9
1,Flapjack/Test/OriginalPancake/f84_frame_allocator.pnk,8,30989,14667,9
1,Flapjack/Test/OriginalPancake/currheap_add_const.pnk,3,13906,9828,5
1,Flapjack/Test/OriginalPancake/currheap_add_const.pnk,4,34666,25848,9
1,Flapjack/Test/OriginalPancake/currheap_sub_zero.pnk,3,12364,8285,5
1,Flapjack/Test/OriginalPancake/currheap_sub_zero.pnk,4,31339,22843,9
1,Flapjack/Test/OriginalPancake/nested_currheap_xor.pnk,3,11872,7404,5
1,Flapjack/Test/OriginalPancake/nested_currheap_xor.pnk,4,82696,56706,15
1,Flapjack/Test/OriginalPancake/currheap_const_left.pnk,3,11202,7474,5
1,Flapjack/Test/OriginalPancake/currheap_const_left.pnk,4,52008,37520,11
1,Flapjack/Test/OriginalPancake/nested_handler_condition.pnk,3,23805,14076,5
1,Flapjack/Test/OriginalPancake/nested_handler_condition.pnk,4,152546,66325,113
1,Flapjack/Test/OriginalPancake/nested_handler_condition.pnk,5,78027,56626,11
1,Flapjack/Test/OriginalPancake/nested_handler_condition.pnk,6,33764,17182,9
1,Flapjack/Test/OriginalPancake/nested_currheap_xor.pnk,3,14457,9417,5
1,Flapjack/Test/OriginalPancake/nested_currheap_xor.pnk,4,105489,76473,15
1,Flapjack/Test/OriginalPancake/annotation_comments.pnk,3,13335,15539,5
1,Flapjack/Test/OriginalPancake/annotation_comments.pnk,4,72767,39885,33
1,Flapjack/Test/OriginalPancake/annotation_comments.pnk,5,68608,48742,11
1,Flapjack/Test/OriginalPancake/nested_handler_comparison.pnk,3,24727,15098,5
1,Flapjack/Test/OriginalPancake/nested_handler_comparison.pnk,4,95469,56235,61
1,Flapjack/Test/OriginalPancake/nested_handler_comparison.pnk,5,77476,60754,11
1,Flapjack/Test/OriginalPancake/and_comparison_handler.pnk,3,21811,15149,5
1,Flapjack/Test/OriginalPancake/and_comparison_handler.pnk,4,98345,66044,49
1,Flapjack/Test/OriginalPancake/and_comparison_handler.pnk,5,84228,60443,9
1,Flapjack/Test/OriginalPancake/ld8_currheap_offset.pnk,3,20398,12514,5
1,Flapjack/Test/OriginalPancake/ld8_currheap_offset.pnk,4,40046,31669,11
1,Flapjack/Test/OriginalPancake/currheap_load_large_offset.pnk,3,16621,10650,5
1,Flapjack/Test/OriginalPancake/currheap_load_large_offset.pnk,4,81102,62457,11
1,Flapjack/Test/OriginalPancake/f480_out_of_range_struct.pnk,3,204734,142638,19
1,Flapjack/Test/OriginalPancake/f480_out_of_range_struct.pnk,4,508515,273554,93
1,Flapjack/Test/OriginalPancake/f480_out_of_range_struct.pnk,5,52869,32461,9
1,Flapjack/Test/OriginalPancake/f480_out_of_range_struct.pnk,6,34746,25888,9
1,Flapjack/Test/OriginalPancake/f860_try_loop_large_constant.pnk,3,36409,21019,5
1,Flapjack/Test/OriginalPancake/f860_try_loop_large_constant.pnk,4,690045,258125,146
1,Flapjack/Test/OriginalPancake/f860_try_loop_large_constant.pnk,5,90239,64942,11
1,Flapjack/Test/OriginalPancake/f860_try_loop_large_constant.pnk,6,39424,27752,9
1,Flapjack/Test/OriginalPancake/f860_try_loop_large_constant.pnk,7,33132,16060,9
1,Flapjack/Test/OriginalPancake/f860_try_loop_large_constant.pnk,8,31860,15318,9
1,Flapjack/Test/OriginalPancake/f00108_handler_spill_slot.pnk,3,169699,127108,19
1,Flapjack/Test/OriginalPancake/f00108_handler_spill_slot.pnk,4,905460,335510,340
1,Flapjack/Test/OriginalPancake/f00108_handler_spill_slot.pnk,5,97263,75402,11
1,Flapjack/Test/OriginalPancake/f00108_handler_spill_slot.pnk,6,52007,37631,9
1,Flapjack/Test/OriginalPancake/f00108_handler_spill_slot.pnk,7,33953,17603,9
1,Flapjack/Test/OriginalPancake/f00108_handler_spill_slot.pnk,8,31019,15980,9
1,Flapjack/Test/OriginalPancake/f00103_fuzz_global_struct_loop.pnk,3,46417,26540,5
1,Flapjack/Test/OriginalPancake/f00103_fuzz_global_struct_loop.pnk,4,3307589,700375,324
1,Flapjack/Test/OriginalPancake/f00103_fuzz_global_struct_loop.pnk,5,98044,76744,11
1,Flapjack/Test/OriginalPancake/f00103_fuzz_global_struct_loop.pnk,6,50424,35948,9
1,Flapjack/Test/OriginalPancake/f00103_fuzz_global_struct_loop.pnk,7,34185,17372,9
1,Flapjack/Test/OriginalPancake/f00103_fuzz_global_struct_loop.pnk,8,31329,15489,9
1,Flapjack/Test/OriginalPancake/f00114_fuzz_global_pressure.pnk,3,43081,27441,5
1,Flapjack/Test/OriginalPancake/f00114_fuzz_global_pressure.pnk,4,4301806,1820968,552
1,Flapjack/Test/OriginalPancake/f00114_fuzz_global_pressure.pnk,5,87214,68839,11
1,Flapjack/Test/OriginalPancake/f00114_fuzz_global_pressure.pnk,6,33002,19677,9
1,Flapjack/Test/OriginalPancake/f00114_fuzz_global_pressure.pnk,7,33012,15980,9
1,Flapjack/Test/OriginalPancake/f00114_fuzz_global_pressure.pnk,8,31429,15139,9
1,Flapjack/Test/OriginalPancake/f00278_fuzz_global_struct_handler.pnk,3,41998,23615,5
1,Flapjack/Test/OriginalPancake/f00278_fuzz_global_struct_handler.pnk,4,10174641,1743273,788
1,Flapjack/Test/OriginalPancake/f00278_fuzz_global_struct_handler.pnk,5,103885,70312,11
1,Flapjack/Test/OriginalPancake/f00278_fuzz_global_struct_handler.pnk,6,32762,20278,9
1,Flapjack/Test/OriginalPancake/f00278_fuzz_global_struct_handler.pnk,7,32331,15569,9
1,Flapjack/Test/OriginalPancake/f00278_fuzz_global_struct_handler.pnk,8,30738,14737,9
1,Flapjack/Test/OriginalPancake/f00268_fuzz_high_pressure_handler.pnk,3,45766,28664,5
1,Flapjack/Test/OriginalPancake/f00268_fuzz_high_pressure_handler.pnk,4,31305592,3790316,1218
1,Flapjack/Test/OriginalPancake/f00268_fuzz_high_pressure_handler.pnk,5,117621,89097,11
1,Flapjack/Test/OriginalPancake/f00268_fuzz_high_pressure_handler.pnk,6,34565,20378,9
1,Flapjack/Test/OriginalPancake/f00268_fuzz_high_pressure_handler.pnk,7,32200,15760,9
1,Flapjack/Test/OriginalPancake/f00268_fuzz_high_pressure_handler.pnk,8,31018,14918,9
1,Flapjack/Test/OriginalPancake/f00000_fuzz_global_pressure_20261015.pnk,3,35026,22582,5
1,Flapjack/Test/OriginalPancake/f00000_fuzz_global_pressure_20261015.pnk,4,953330,340359,229
1,Flapjack/Test/OriginalPancake/f00000_fuzz_global_pressure_20261015.pnk,5,53070,29595,11
1,Flapjack/Test/OriginalPancake/f00000_fuzz_global_pressure_20261015.pnk,6,31900,19436,9
1,Flapjack/Test/OriginalPancake/f00000_fuzz_global_pressure_20261015.pnk,7,32341,15519,9
1,Flapjack/Test/OriginalPancake/f00000_fuzz_global_pressure_20261015.pnk,8,31389,20709,9
1,Flapjack/Test/OriginalPancake/f00002_fuzz_pressure_20261017.pnk,3,39855,35797,5
1,Flapjack/Test/OriginalPancake/f00002_fuzz_pressure_20261017.pnk,4,4862388,708601,285
1,Flapjack/Test/OriginalPancake/f00002_fuzz_pressure_20261017.pnk,5,63659,40035,11
1,Flapjack/Test/OriginalPancake/f00002_fuzz_pressure_20261017.pnk,6,33543,26660,9
1,Flapjack/Test/OriginalPancake/f00002_fuzz_pressure_20261017.pnk,7,32672,15820,9
1,Flapjack/Test/OriginalPancake/f00002_fuzz_pressure_20261017.pnk,8,31489,15098,9
1,Flapjack/Test/OriginalPancake/f00226_fuzz_nested_pressure_20261017.pnk,3,45545,26159,5
1,Flapjack/Test/OriginalPancake/f00226_fuzz_nested_pressure_20261017.pnk,4,6018809,933954,637
1,Flapjack/Test/OriginalPancake/f00226_fuzz_nested_pressure_20261017.pnk,5,153508,95019,11
1,Flapjack/Test/OriginalPancake/f00226_fuzz_nested_pressure_20261017.pnk,6,63640,49863,9
1,Flapjack/Test/OriginalPancake/f00226_fuzz_nested_pressure_20261017.pnk,7,39224,23003,9
1,Flapjack/Test/OriginalPancake/f00226_fuzz_nested_pressure_20261017.pnk,8,32922,17032,9
1,Flapjack/Test/OriginalPancake/f00209_fuzz_global_pressure_20261018.pnk,3,169699,122881,19
1,Flapjack/Test/OriginalPancake/f00209_fuzz_global_pressure_20261018.pnk,4,11887757,2099432,801
1,Flapjack/Test/OriginalPancake/f00209_fuzz_global_pressure_20261018.pnk,5,117640,81804,11
1,Flapjack/Test/OriginalPancake/f00209_fuzz_global_pressure_20261018.pnk,6,32662,19827,9
1,Flapjack/Test/OriginalPancake/f00209_fuzz_global_pressure_20261018.pnk,7,31980,15750,9
1,Flapjack/Test/OriginalPancake/f00209_fuzz_global_pressure_20261018.pnk,8,30728,15068,9
1,Flapjack/Test/OriginalPancake/f00413_fuzz_pressure_20261019.pnk,3,40446,23224,5
1,Flapjack/Test/OriginalPancake/f00413_fuzz_pressure_20261019.pnk,4,7898939,1481862,860
1,Flapjack/Test/OriginalPancake/f00413_fuzz_pressure_20261019.pnk,5,105428,83136,11
1,Flapjack/Test/OriginalPancake/f00413_fuzz_pressure_20261019.pnk,6,34345,21500,9
1,Flapjack/Test/OriginalPancake/f00413_fuzz_pressure_20261019.pnk,7,32882,16360,9
1,Flapjack/Test/OriginalPancake/f00413_fuzz_pressure_20261019.pnk,8,31129,15058,9
1,Flapjack/Test/OriginalPancake/f00003_fuzz_global_pressure_20260927.pnk,3,169708,126317,19
1,Flapjack/Test/OriginalPancake/f00003_fuzz_global_pressure_20260927.pnk,4,26953582,3566255,1423
1,Flapjack/Test/OriginalPancake/f00003_fuzz_global_pressure_20260927.pnk,5,118352,90670,11
1,Flapjack/Test/OriginalPancake/f00003_fuzz_global_pressure_20260927.pnk,6,34535,20569,9
1,Flapjack/Test/OriginalPancake/f00003_fuzz_global_pressure_20260927.pnk,7,32521,18565,9
1,Flapjack/Test/OriginalPancake/f00003_fuzz_global_pressure_20260927.pnk,8,31389,15208,9
1,Flapjack/Test/OriginalPancake/f00080_fuzz_pressure_20260923.pnk,3,45315,28934,5
1,Flapjack/Test/OriginalPancake/f00080_fuzz_pressure_20260923.pnk,4,3309624,920448,493
1,Flapjack/Test/OriginalPancake/f00080_fuzz_pressure_20260923.pnk,5,90439,63780,11
1,Flapjack/Test/OriginalPancake/f00080_fuzz_pressure_20260923.pnk,6,32952,19988,9
1,Flapjack/Test/OriginalPancake/f00080_fuzz_pressure_20260923.pnk,7,31780,15820,9
1,Flapjack/Test/OriginalPancake/f00080_fuzz_pressure_20260923.pnk,8,30447,15019,9
1,Flapjack/Test/OriginalPancake/f00017_fuzz_allocator_20260923.pnk,3,182633,138550,19
1,Flapjack/Test/OriginalPancake/f00017_fuzz_allocator_20260923.pnk,4,18415,10349,7
1,Flapjack/Test/OriginalPancake/f00017_fuzz_allocator_20260923.pnk,5,59291,30347,13
1,Flapjack/Test/OriginalPancake/f00017_fuzz_allocator_20260923.pnk,6,446017,221055,77
1,Flapjack/Test/OriginalPancake/f00017_fuzz_allocator_20260923.pnk,7,65483,34084,19
1,Flapjack/Test/OriginalPancake/f00017_fuzz_allocator_20260923.pnk,8,436149,172984,62
1,Flapjack/Test/OriginalPancake/f00017_fuzz_allocator_20260923.pnk,9,404229,132579,83
1,Flapjack/Test/OriginalPancake/f00017_fuzz_allocator_20260923.pnk,10,623049,260610,117
1,Flapjack/Test/OriginalPancake/f00017_fuzz_allocator_20260923.pnk,11,841169,320792,105
1,Flapjack/Test/OriginalPancake/f00017_fuzz_allocator_20260923.pnk,12,2953555,843714,392
1,Flapjack/Test/OriginalPancake/f00333_fuzz_frame_pressure_20260924.pnk,3,46327,30778,5
1,Flapjack/Test/OriginalPancake/f00333_fuzz_frame_pressure_20260924.pnk,4,30082336,5889196,1220
1,Flapjack/Test/OriginalPancake/f00333_fuzz_frame_pressure_20260924.pnk,5,113192,84980,11
1,Flapjack/Test/OriginalPancake/f00333_fuzz_frame_pressure_20260924.pnk,6,36148,22993,9
1,Flapjack/Test/OriginalPancake/f00333_fuzz_frame_pressure_20260924.pnk,7,33052,16632,9
1,Flapjack/Test/OriginalPancake/f00333_fuzz_frame_pressure_20260924.pnk,8,31840,15098,9
1,Flapjack/Test/OriginalPancake/f00217_fuzz_allocator_20260928.pnk,3,38693,22792,5
1,Flapjack/Test/OriginalPancake/f00217_fuzz_allocator_20260928.pnk,4,997492,374533,179
1,Flapjack/Test/OriginalPancake/f00217_fuzz_allocator_20260928.pnk,5,81353,53050,11
1,Flapjack/Test/OriginalPancake/f00217_fuzz_allocator_20260928.pnk,6,33764,21310,9
1,Flapjack/Test/OriginalPancake/f00217_fuzz_allocator_20260928.pnk,7,32391,15850,9
1,Flapjack/Test/OriginalPancake/f00217_fuzz_allocator_20260928.pnk,8,30868,14757,9
1,Flapjack/Test/OriginalPancake/f00276_fuzz_frame_allocator_20260928.pnk,3,40446,28844,5
1,Flapjack/Test/OriginalPancake/f00276_fuzz_frame_allocator_20260928.pnk,4,1933691,609744,369
1,Flapjack/Test/OriginalPancake/f00276_fuzz_frame_allocator_20260928.pnk,5,54843,45415,11
1,Flapjack/Test/OriginalPancake/f00276_fuzz_frame_allocator_20260928.pnk,6,34385,21911,9
1,Flapjack/Test/OriginalPancake/f00276_fuzz_frame_allocator_20260928.pnk,7,32020,15990,9
1,Flapjack/Test/OriginalPancake/f00276_fuzz_frame_allocator_20260928.pnk,8,30046,14628,9
1,Flapjack/Test/OriginalPancake/p8_frame_pressure.pnk,3,15409,11181,5
1,Flapjack/Test/OriginalPancake/p8_frame_pressure.pnk,4,366978,153759,107
1,Flapjack/Test/OriginalPancake/p8_frame_pressure.pnk,5,35857,17754,9
1,Flapjack/Test/OriginalPancake/p8_frame_pressure.pnk,6,19026,11091,7
1,Flapjack/Test/OriginalPancake/frame_cross_call.pnk,3,14317,9207,5
1,Flapjack/Test/OriginalPancake/frame_cross_call.pnk,4,151194,72626,63
1,Flapjack/Test/OriginalPancake/frame_cross_call.pnk,5,77616,40286,15
1,Flapjack/Test/OriginalPancake/frame_cross_call.pnk,6,18184,10490,7
1,Flapjack/Test/OriginalPancake/gh1127_local_store_constant.pnk,3,15158,10570,5
1,Flapjack/Test/OriginalPancake/gh1127_local_store_constant.pnk,4,60324,38362,15
1,Flapjack/Test/OriginalPancake/gh1127_local_store_constant_five.pnk,3,11130,7715,5
1,Flapjack/Test/OriginalPancake/gh1127_local_store_constant_five.pnk,4,52258,29776,15
1,Flapjack/Test/OriginalPancake/odd_subword_offset.pnk,3,10570,7333,5
1,Flapjack/Test/OriginalPancake/odd_subword_offset.pnk,4,29395,17633,11
1,Flapjack/Test/OriginalPancake/riscv_narrow_lower_offset.pnk,3,11912,7314,5
1,Flapjack/Test/OriginalPancake/riscv_narrow_lower_offset.pnk,4,54442,29175,13
1,scripts/parity-difffuzz-findings/bitmap-min/case.pnk,3,28443,17984,5
1,scripts/parity-difffuzz-findings/bitmap-min/case.pnk,4,255940,152056,69
1,scripts/parity-difffuzz-findings/bitmap-min/case.pnk,5,33764,16922,9
1,scripts/parity-difffuzz-findings/bitmap-min/case.pnk,6,17152,10711,7
1,scripts/parity-difffuzz-findings/ffi-min/case.pnk,3,13245,8717,5
1,scripts/parity-difffuzz-findings/ffi-min/case.pnk,4,102903,57558,23
1,scripts/parity-difffuzz-findings/frame-occupancy/p9.pnk,3,32871,17243,5
1,scripts/parity-difffuzz-findings/frame-occupancy/p9.pnk,4,204764,127810,59
1,scripts/parity-difffuzz-findings/frame-occupancy/p9.pnk,5,57709,21420,9
1,scripts/parity-difffuzz-findings/frame-occupancy/p9.pnk,6,17924,10269,7
1,scripts/parity-difffuzz-findings/frame-occupancy/live1.pnk,3,21561,11702,5
1,scripts/parity-difffuzz-findings/frame-occupancy/live1.pnk,4,222989,114535,61
1,scripts/parity-difffuzz-findings/frame-occupancy/live1.pnk,5,44083,22051,9
1,scripts/parity-difffuzz-findings/frame-occupancy/live1.pnk,6,27983,16200,7
1,scripts/parity-difffuzz-findings/frame-occupancy/live3.pnk,3,29285,17062,5
1,scripts/parity-difffuzz-findings/frame-occupancy/live3.pnk,4,736262,259307,121
1,scripts/parity-difffuzz-findings/frame-occupancy/live3.pnk,5,40887,30597,9
1,scripts/parity-difffuzz-findings/frame-occupancy/live3.pnk,6,19166,11482,7
2,Flapjack/Test/OriginalPancake/f01189_ffi_stub_order.pnk,3,90149,61987,5
2,Flapjack/Test/OriginalPancake/f01189_ffi_stub_order.pnk,4,77616,67326,7
2,Flapjack/Test/OriginalPancake/f01189_ffi_stub_order.pnk,5,909137,369243,125
2,Flapjack/Test/OriginalPancake/f01189_ffi_stub_order.pnk,6,596921,212329,103
2,Flapjack/Test/OriginalPancake/f01189_ffi_stub_order.pnk,7,482686,170310,87
2,Flapjack/Test/OriginalPancake/ffi_halt_order.pnk,3,19596,12123,5
2,Flapjack/Test/OriginalPancake/ffi_halt_order.pnk,4,235252,97663,39
2,Flapjack/Test/OriginalPancake/f00068_allocator_return.pnk,3,40646,21871,5
2,Flapjack/Test/OriginalPancake/f00068_allocator_return.pnk,4,1335748,542548,245
2,Flapjack/Test/OriginalPancake/f00068_allocator_return.pnk,5,88336,71294,11
2,Flapjack/Test/OriginalPancake/f00068_allocator_return.pnk,6,42409,27341,9
2,Flapjack/Test/OriginalPancake/f00068_allocator_return.pnk,7,35016,16761,9
2,Flapjack/Test/OriginalPancake/f00068_allocator_return.pnk,8,33052,15639,9
2,Flapjack/Test/OriginalPancake/f00068_throwminimal3.pnk,3,24195,15109,5
2,Flapjack/Test/OriginalPancake/f00068_throwminimal3.pnk,4,455455,205185,97
2,Flapjack/Test/OriginalPancake/f00068_throwminimal3.pnk,5,72146,46557,11
2,Flapjack/Test/OriginalPancake/f00068_throwminimal3.pnk,6,38993,23124,9
2,Flapjack/Test/OriginalPancake/empty_locals.pnk,3,16170,9398,5
2,Flapjack/Test/OriginalPancake/empty_locals.pnk,4,8075,5731,5
2,Flapjack/Test/OriginalPancake/empty_locals.pnk,5,17342,15459,7
2,Flapjack/Test/OriginalPancake/dec_clock.pnk,3,14668,8656,5
2,Flapjack/Test/OriginalPancake/dec_clock.pnk,4,17413,14487,9
2,Flapjack/Test/OriginalPancake/const_return.pnk,3,12033,8085,5
2,Flapjack/Test/OriginalPancake/const_return.pnk,4,15258,12404,7
2,Flapjack/Test/OriginalPancake/crep_op.pnk,3,11792,7404,5
2,Flapjack/Test/OriginalPancake/crep_op.pnk,4,15109,11090,7
2,Flapjack/Test/OriginalPancake/set_globals.pnk,3,117971,75562,19
2,Flapjack/Test/OriginalPancake/set_globals.pnk,4,60774,44133,13
2,Flapjack/Test/OriginalPancake/recursive_global_main.pnk,3,98576,60183,19
2,Flapjack/Test/OriginalPancake/recursive_global_main.pnk,4,194875,111700,41
2,Flapjack/Test/OriginalPancake/set_var.pnk,3,11892,8046,5
2,Flapjack/Test/OriginalPancake/set_var.pnk,4,16311,11121,7
2,Flapjack/Test/OriginalPancake/bitmap_calls.pnk,3,11391,7915,5
2,Flapjack/Test/OriginalPancake/bitmap_calls.pnk,4,14668,10790,7
2,Flapjack/Test/OriginalPancake/bitmap_calls.pnk,5,58169,26059,35
2,Flapjack/Test/OriginalPancake/entry_order.pnk,3,11211,7314,5
2,Flapjack/Test/OriginalPancake/entry_order.pnk,4,8345,5841,5
2,Flapjack/Test/OriginalPancake/entry_order.pnk,5,14237,9688,7
2,Flapjack/Test/OriginalPancake/entry_order.pnk,6,12554,8225,7
2,Flapjack/Test/OriginalPancake/shadowing.pnk,3,100790,65012,19
2,Flapjack/Test/OriginalPancake/shadowing.pnk,4,9418,6292,5
2,Flapjack/Test/OriginalPancake/shadowing.pnk,5,13646,8836,7
2,Flapjack/Test/OriginalPancake/shadowing.pnk,6,43582,18504,27
2,Flapjack/Test/OriginalPancake/nested_expression.pnk,3,11682,7614,5
2,Flapjack/Test/OriginalPancake/nested_expression.pnk,4,510609,220885,69
2,Flapjack/Test/OriginalPancake/nested_expression_deep.pnk,3,21821,12463,5
2,Flapjack/Test/OriginalPancake/nested_expression_deep.pnk,4,639170,286017,81
2,Flapjack/Test/OriginalPancake/nested_expression_sub.pnk,3,18926,11932,5
2,Flapjack/Test/OriginalPancake/nested_expression_sub.pnk,4,24336,21971,7
2,Flapjack/Test/OriginalPancake/wide_constants.pnk,3,19376,11963,5
2,Flapjack/Test/OriginalPancake/wide_constants.pnk,4,22603,18705,7
2,Flapjack/Test/OriginalPancake/dup_global.pnk,3,207519,135435,33
2,Flapjack/Test/OriginalPancake/dup_global.pnk,4,80461,51377,13
2,Flapjack/Test/OriginalPancake/nomain_global.pnk,3,107472,71845,19
2,Flapjack/Test/OriginalPancake/nomain_global.pnk,4,15700,11030,7
2,Flapjack/Test/OriginalPancake/callee_abi.pnk,3,12854,8266,5
2,Flapjack/Test/OriginalPancake/callee_abi.pnk,4,123662,66505,37
2,Flapjack/Test/OriginalPancake/callee_abi.pnk,5,71234,48210,11
2,Flapjack/Test/OriginalPancake/relational_condition.pnk,3,12444,8135,5
2,Flapjack/Test/OriginalPancake/relational_condition.pnk,4,29285,24816,7
2,Flapjack/Test/OriginalPancake/relational_condition.pnk,5,82235,49663,25
2,Flapjack/Test/OriginalPancake/conditional_comparators.pnk,3,19136,11041,5
2,Flapjack/Test/OriginalPancake/conditional_comparators.pnk,4,700275,226736,139
2,Flapjack/Test/OriginalPancake/conditional_comparators.pnk,5,81554,47669,25
2,Flapjack/Test/OriginalPancake/conditional_comparators.pnk,6,69681,36969,25
2,Flapjack/Test/OriginalPancake/conditional_comparators.pnk,7,64461,31579,25
2,Flapjack/Test/OriginalPancake/conditional_comparators.pnk,8,62747,30628,25
2,Flapjack/Test/OriginalPancake/hello.pnk,3,13646,8877,5
2,Flapjack/Test/OriginalPancake/hello.pnk,4,506921,202961,88
2,Flapjack/Test/OriginalPancake/ffi_runtime_image.pnk,3,11852,7885,5
2,Flapjack/Test/OriginalPancake/ffi_runtime_image.pnk,4,98935,39595,23
2,Flapjack/Test/OriginalPancake/default_handler_ffi.pnk,3,12123,7995,5
2,Flapjack/Test/OriginalPancake/default_handler_ffi.pnk,4,63119,26860,57
2,Flapjack/Test/OriginalPancake/default_handler_ffi.pnk,5,43953,26970,11
2,Flapjack/Test/OriginalPancake/caught_handler_ffi.pnk,3,11702,7875,5
2,Flapjack/Test/OriginalPancake/caught_handler_ffi.pnk,4,62357,22222,57
2,Flapjack/Test/OriginalPancake/caught_handler_ffi.pnk,5,39184,20969,11
2,Flapjack/Test/OriginalPancake/loop_local.pnk,3,11712,7595,5
2,Flapjack/Test/OriginalPancake/loop_local.pnk,4,200296,94908,46
2,Flapjack/Test/OriginalPancake/mul_const_zero.pnk,3,11381,7444,5
2,Flapjack/Test/OriginalPancake/mul_const_zero.pnk,4,18305,13645,7
2,Flapjack/Test/OriginalPancake/mul_const_zero.pnk,5,13856,8416,7
2,Flapjack/Test/OriginalPancake/mul_const_one.pnk,3,11421,7404,5
2,Flapjack/Test/OriginalPancake/mul_const_one.pnk,4,19456,12213,7
2,Flapjack/Test/OriginalPancake/mul_const_one.pnk,5,22232,12363,7
2,Flapjack/Test/OriginalPancake/mul_const_pow2.pnk,3,11322,10049,5
2,Flapjack/Test/OriginalPancake/mul_const_pow2.pnk,4,17603,11191,7
2,Flapjack/Test/OriginalPancake/mul_const_pow2.pnk,5,44343,35076,9
2,Flapjack/Test/OriginalPancake/f00028_allocator.pnk,3,18785,12915,5
2,Flapjack/Test/OriginalPancake/f00028_allocator.pnk,4,1442818,374724,178
2,Flapjack/Test/OriginalPancake/f00028_allocator.pnk,5,59512,43862,11
2,Flapjack/Test/OriginalPancake/f00028_allocator.pnk,6,36428,23014,9
2,Flapjack/Test/OriginalPancake/f00028_allocator.pnk,7,35076,17032,9
2,Flapjack/Test/OriginalPancake/f00028_allocator.pnk,8,34043,16491,9
2,Flapjack/Test/OriginalPancake/mul64x64_allocator.pnk,3,13155,8496,5
2,Flapjack/Test/OriginalPancake/mul64x64_allocator.pnk,4,68047,35156,33
2,Flapjack/Test/OriginalPancake/mul64x64_allocator.pnk,5,733787,296196,125
2,Flapjack/Test/OriginalPancake/secp_accel_init_block.pnk,3,30988,17663,5
2,Flapjack/Test/OriginalPancake/secp_accel_init_block.pnk,4,72016,41307,15
2,Flapjack/Test/OriginalPancake/secp_accel_init_block.pnk,5,763534,315923,139
2,Flapjack/Test/OriginalPancake/secp_accel_modmul.pnk,3,19607,11862,5
2,Flapjack/Test/OriginalPancake/secp_accel_modmul.pnk,4,18605,15960,7
2,Flapjack/Test/OriginalPancake/secp_accel_modmul.pnk,5,664918,243828,109
2,Flapjack/Test/OriginalPancake/secp_accel_modmul.pnk,6,566554,187352,103
2,Flapjack/Test/OriginalPancake/secp_accel_modmul.pnk,7,565161,185027,103
2,Flapjack/Test/OriginalPancake/parameter_reassignment.pnk,3,13235,8356,5
2,Flapjack/Test/OriginalPancake/parameter_reassignment.pnk,4,18916,11632,7
2,Flapjack/Test/OriginalPancake/parameter_reassignment.pnk,5,392757,208702,55
2,Flapjack/Test/OriginalPancake/expression_load_offset.pnk,3,11922,8035,5
2,Flapjack/Test/OriginalPancake/expression_load_offset.pnk,4,410220,132709,103
2,Flapjack/Test/OriginalPancake/expression_load_offset.pnk,5,48681,27592,11
2,Flapjack/Test/OriginalPancake/expression_load_offset.pnk,6,33322,14398,9
2,Flapjack/Test/OriginalPancake/expression_load_offset.pnk,7,28894,13967,9
2,Flapjack/Test/OriginalPancake/subtract_operand_order.pnk,3,12002,7735,5
2,Flapjack/Test/OriginalPancake/subtract_operand_order.pnk,4,605617,169358,139
2,Flapjack/Test/OriginalPancake/subtract_operand_order.pnk,5,50715,27912,11
2,Flapjack/Test/OriginalPancake/subtract_operand_order.pnk,6,46497,24776,11
2,Flapjack/Test/OriginalPancake/subtract_operand_order.pnk,7,67367,33042,15
2,Flapjack/Test/OriginalPancake/subtract_operand_order.pnk,8,80862,37961,15
2,Flapjack/Test/OriginalPancake/shifted_load_address.pnk,3,11381,7314,5
2,Flapjack/Test/OriginalPancake/shifted_load_address.pnk,4,390473,114144,103
2,Flapjack/Test/OriginalPancake/shifted_load_address.pnk,5,67677,34825,13
2,Flapjack/Test/OriginalPancake/shifted_load_address.pnk,6,44363,27392,11
2,Flapjack/Test/OriginalPancake/shifted_load_address.pnk,7,30537,19016,9
2,Flapjack/Test/OriginalPancake/collapse_branch.pnk,3,12374,8395,5
2,Flapjack/Test/OriginalPancake/collapse_branch.pnk,4,18414,15780,7
2,Flapjack/Test/OriginalPancake/collapse_branch.pnk,5,13215,8075,7
2,Flapjack/Test/OriginalPancake/collapse_branch.pnk,6,19567,11231,7
2,Flapjack/Test/OriginalPancake/collapse_branch.pnk,7,18906,10039,7
2,Flapjack/Test/OriginalPancake/collapse_branch.pnk,8,18364,9999,7
2,Flapjack/Test/OriginalPancake/collapse_branch.pnk,9,12984,8386,7
2,Flapjack/Test/OriginalPancake/collapse_branch.pnk,10,1467174,435508,210
2,Flapjack/Test/OriginalPancake/collapse_branch_full.pnk,3,165330,120927,19
2,Flapjack/Test/OriginalPancake/collapse_branch_full.pnk,4,31829,18665,7
2,Flapjack/Test/OriginalPancake/collapse_branch_full.pnk,5,54482,32411,13
2,Flapjack/Test/OriginalPancake/collapse_branch_full.pnk,6,474641,218260,73
2,Flapjack/Test/OriginalPancake/collapse_branch_full.pnk,7,76323,39584,19
2,Flapjack/Test/OriginalPancake/collapse_branch_full.pnk,8,439025,162715,62
2,Flapjack/Test/OriginalPancake/collapse_branch_full.pnk,9,397857,118523,83
2,Flapjack/Test/OriginalPancake/collapse_branch_full.pnk,10,609394,225704,117
2,Flapjack/Test/OriginalPancake/collapse_branch_full.pnk,11,499027,182202,105
2,Flapjack/Test/OriginalPancake/collapse_branch_full.pnk,12,2690671,674947,374
2,Flapjack/Test/OriginalPancake/global_load_sharing.pnk,3,97433,67817,19
2,Flapjack/Test/OriginalPancake/global_load_sharing.pnk,4,336351,127119,85
2,Flapjack/Test/OriginalPancake/global_load_sharing.pnk,5,145694,70913,27
2,Flapjack/Test/OriginalPancake/global_load_sharing.pnk,6,179076,75262,35
2,Flapjack/Test/OriginalPancake/global_shifted_load_address.pnk,3,80632,45806,19
2,Flapjack/Test/OriginalPancake/global_shifted_load_address.pnk,4,232006,96791,61
2,Flapjack/Test/OriginalPancake/global_shifted_load_address.pnk,5,125435,67347,23
2,Flapjack/Test/OriginalPancake/address_shift_operand.pnk,3,12453,8416,5
2,Flapjack/Test/OriginalPancake/address_shift_operand.pnk,4,431389,147227,105
2,Flapjack/Test/OriginalPancake/address_shift_operand.pnk,5,73037,46127,13
2,Flapjack/Test/OriginalPancake/address_shift_operand.pnk,6,48501,31559,11
2,Flapjack/Test/OriginalPancake/address_shift_operand.pnk,7,109957,59892,19
2,Flapjack/Test/OriginalPancake/global_base_shift_address.pnk,3,100329,70151,19
2,Flapjack/Test/OriginalPancake/global_base_shift_address.pnk,4,864253,247073,173
2,Flapjack/Test/OriginalPancake/global_base_shift_address.pnk,5,145152,89789,23
2,Flapjack/Test/OriginalPancake/global_base_shift_address.pnk,6,68258,38151,15
2,Flapjack/Test/OriginalPancake/global_base_shift_address.pnk,7,139982,75051,25
2,Flapjack/Test/OriginalPancake/global_base_shift_address.pnk,8,82054,46357,17
2,Flapjack/Test/OriginalPancake/global_base_shift_address.pnk,9,166953,93656,25
2,Flapjack/Test/OriginalPancake/dec_temporary_cutset.pnk,3,35045,18706,5
2,Flapjack/Test/OriginalPancake/dec_temporary_cutset.pnk,4,603202,210095,131
2,Flapjack/Test/OriginalPancake/dec_temporary_cutset.pnk,5,78678,53791,11
2,Flapjack/Test/OriginalPancake/dec_temporary_cutset.pnk,6,35126,16832,9
2,Flapjack/Test/OriginalPancake/dec_temporary_cutset.pnk,7,383109,133921,84
2,Flapjack/Test/OriginalPancake/dec_temporary_cutset.pnk,8,376467,128712,84
2,Flapjack/Test/OriginalPancake/dec_temporary_cutset.pnk,9,466436,154279,98
2,Flapjack/Test/OriginalPancake/dec_temporary_cutset.pnk,10,446940,163717,94
2,Flapjack/Test/OriginalPancake/nested_binop_immediate.pnk,3,37801,20759,5
2,Flapjack/Test/OriginalPancake/nested_binop_immediate.pnk,4,1104974,321874,199
2,Flapjack/Test/OriginalPancake/nested_binop_immediate.pnk,5,119926,81553,17
2,Flapjack/Test/OriginalPancake/nested_binop_immediate.pnk,6,93756,54222,17
2,Flapjack/Test/OriginalPancake/nested_binop_immediate.pnk,7,85741,49192,17
2,Flapjack/Test/OriginalPancake/nested_binop_immediate.pnk,8,89849,54713,15
2,Flapjack/Test/OriginalPancake/nested_binop_immediate.pnk,9,80071,47389,15
2,Flapjack/Test/OriginalPancake/nested_binop_immediate.pnk,10,58209,32231,15
2,Flapjack/Test/OriginalPancake/loop_body_condition_fuse.pnk,3,30888,15459,5
2,Flapjack/Test/OriginalPancake/loop_body_condition_fuse.pnk,4,626927,215835,133
2,Flapjack/Test/OriginalPancake/loop_body_condition_fuse.pnk,5,228990,105077,52
2,Flapjack/Test/OriginalPancake/loop_body_condition_fuse.pnk,6,504768,250350,70
2,Flapjack/Test/OriginalPancake/loop_body_condition_fuse.pnk,7,723999,278283,97
2,Flapjack/Test/OriginalPancake/loop_body_condition_fuse.pnk,8,430317,139633,84
2,Flapjack/Test/OriginalPancake/process_message_empty_catch.pnk,3,13906,8637,5
2,Flapjack/Test/OriginalPancake/process_message_empty_catch.pnk,4,15619,10781,7
2,Flapjack/Test/OriginalPancake/process_message_empty_catch.pnk,5,13776,8186,7
2,Flapjack/Test/OriginalPancake/process_message_empty_catch.pnk,6,12363,7845,7
2,Flapjack/Test/OriginalPancake/process_message_empty_catch.pnk,7,232006,80872,79
2,Flapjack/Test/OriginalPancake/process_message_negative_offset.pnk,3,187792,117170,33
2,Flapjack/Test/OriginalPancake/process_message_negative_offset.pnk,4,15208,9498,7
2,Flapjack/Test/OriginalPancake/process_message_negative_offset.pnk,5,12523,7905,7
2,Flapjack/Test/OriginalPancake/process_message_negative_offset.pnk,6,49133,34214,7
2,Flapjack/Test/OriginalPancake/process_message_negative_offset.pnk,7,23383,13716,7
2,Flapjack/Test/OriginalPancake/process_message_negative_offset.pnk,8,16811,11181,7
2,Flapjack/Test/OriginalPancake/process_message_negative_offset.pnk,9,14357,21671,7
2,Flapjack/Test/OriginalPancake/process_message_negative_offset.pnk,10,761820,278282,199
2,Flapjack/Test/OriginalPancake/fp_pow4_copy_loop.pnk,3,190798,127319,19
2,Flapjack/Test/OriginalPancake/fp_pow4_copy_loop.pnk,4,189125,89969,45
2,Flapjack/Test/OriginalPancake/fp_pow4_copy_loop.pnk,5,272722,160291,35
2,Flapjack/Test/OriginalPancake/fp_pow4_copy_loop.pnk,6,113352,79199,13
2,Flapjack/Test/OriginalPancake/fp_pow4_copy_loop.pnk,7,187051,109075,23
2,Flapjack/Test/OriginalPancake/fp_pow4_copy_loop.pnk,8,94919,39023,13
2,Flapjack/Test/OriginalPancake/fp_pow4_copy_loop.pnk,9,80411,34214,13
2,Flapjack/Test/OriginalPancake/fp_pow4_copy_loop.pnk,10,9926927,1615543,627
2,Flapjack/Test/OriginalPancake/u256_add_carry.pnk,3,40406,21901,5
2,Flapjack/Test/OriginalPancake/u256_add_carry.pnk,4,186580,83727,45
2,Flapjack/Test/OriginalPancake/u256_add_carry.pnk,5,489499,174156,85
2,Flapjack/Test/OriginalPancake/u256_mul_full.pnk,3,40376,23845,5
2,Flapjack/Test/OriginalPancake/u256_mul_full.pnk,4,180860,89929,45
2,Flapjack/Test/OriginalPancake/u256_mul_full.pnk,5,768823,320251,125
2,Flapjack/Test/OriginalPancake/u256_mul_full.pnk,6,14495153,2580184,1265
2,Flapjack/Test/OriginalPancake/u256_mul_full_bitmap_wrap.pnk,3,44864,25638,5
2,Flapjack/Test/OriginalPancake/u256_mul_full_bitmap_wrap.pnk,4,26700,28854,7
2,Flapjack/Test/OriginalPancake/u256_mul_full_bitmap_wrap.pnk,5,823566,379873,125
2,Flapjack/Test/OriginalPancake/u256_mul_full_bitmap_wrap.pnk,6,6945660,1276376,681
2,Flapjack/Test/OriginalPancake/decode_payload_op_curr_heap_copy.pnk,3,166813,124624,19
2,Flapjack/Test/OriginalPancake/decode_payload_op_curr_heap_copy.pnk,4,18344,11402,7
2,Flapjack/Test/OriginalPancake/decode_payload_op_curr_heap_copy.pnk,5,13566,7985,7
2,Flapjack/Test/OriginalPancake/decode_payload_op_curr_heap_copy.pnk,6,13745,7775,7
2,Flapjack/Test/OriginalPancake/decode_payload_op_curr_heap_copy.pnk,7,399289,194546,83
2,Flapjack/Test/OriginalPancake/divmnu_copy_loop.pnk,3,172774,123532,19
2,Flapjack/Test/OriginalPancake/divmnu_copy_loop.pnk,4,25177,14357,7
2,Flapjack/Test/OriginalPancake/divmnu_copy_loop.pnk,5,14127,8485,7
2,Flapjack/Test/OriginalPancake/divmnu_copy_loop.pnk,6,335340,123121,54
2,Flapjack/Test/OriginalPancake/divmnu_copy_loop.pnk,7,4665769,803298,324
2,Flapjack/Test/OriginalPancake/bn_divmnu_allocator.pnk,3,51837,27802,5
2,Flapjack/Test/OriginalPancake/bn_divmnu_allocator.pnk,4,31730,27501,7
2,Flapjack/Test/OriginalPancake/bn_divmnu_allocator.pnk,5,15329,9999,7
2,Flapjack/Test/OriginalPancake/bn_divmnu_allocator.pnk,6,28583,16481,9
2,Flapjack/Test/OriginalPancake/bn_divmnu_allocator.pnk,7,17829343,3601721,1242
2,Flapjack/Test/OriginalPancake/gh1025_frame_bitmap.pnk,3,40626,23765,5
2,Flapjack/Test/OriginalPancake/gh1025_frame_bitmap.pnk,4,1824405,495821,292
2,Flapjack/Test/OriginalPancake/gh1025_frame_bitmap.pnk,5,103034,81212,11
2,Flapjack/Test/OriginalPancake/gh1025_frame_bitmap.pnk,6,50285,35887,9
2,Flapjack/Test/OriginalPancake/gh1025_frame_bitmap.pnk,7,34705,16411,9
2,Flapjack/Test/OriginalPancake/gh1025_frame_bitmap.pnk,8,31830,15168,9
2,Flapjack/Test/OriginalPancake/gh1025_frame_bitmap_f00000.pnk,3,41287,23234,5
2,Flapjack/Test/OriginalPancake/gh1025_frame_bitmap_f00000.pnk,4,885463,273984,211
2,Flapjack/Test/OriginalPancake/gh1025_frame_bitmap_f00000.pnk,5,95249,63269,11
2,Flapjack/Test/OriginalPancake/gh1025_frame_bitmap_f00000.pnk,6,41127,28744,9
2,Flapjack/Test/OriginalPancake/gh1025_frame_bitmap_f00000.pnk,7,34144,16130,9
2,Flapjack/Test/OriginalPancake/gh1025_frame_bitmap_f00000.pnk,8,32001,16150,9
2,Flapjack/Test/OriginalPancake/many_word_parameters.pnk,3,24135,14768,5
2,Flapjack/Test/OriginalPancake/many_word_parameters.pnk,4,105698,64411,23
2,Flapjack/Test/OriginalPancake/many_word_parameters.pnk,5,18735,10150,7
2,Flapjack/Test/OriginalPancake/many_word_parameters.pnk,6,14888,7915,7
2,Flapjack/Test/OriginalPancake/many_word_parameters.pnk,7,14137,7534,7
2,Flapjack/Test/OriginalPancake/wide_call_arguments.pnk,3,18695,10340,5
2,Flapjack/Test/OriginalPancake/wide_call_arguments.pnk,4,100800,57998,23
2,Flapjack/Test/OriginalPancake/wide_call_arguments.pnk,5,15729,8336,7
2,Flapjack/Test/OriginalPancake/wide_call_arguments.pnk,6,14277,7684,7
2,Flapjack/Test/OriginalPancake/wide_call_arguments.pnk,7,673835,210065,101
2,Flapjack/Test/OriginalPancake/wide_call_arguments.pnk,8,743126,244479,117
2,Flapjack/Test/OriginalPancake/secp256k1_recover.pnk,3,327365,202670,47
2,Flapjack/Test/OriginalPancake/secp256k1_recover.pnk,4,27542,16261,7
2,Flapjack/Test/OriginalPancake/secp256k1_recover.pnk,5,335369,167655,59
2,Flapjack/Test/OriginalPancake/secp256k1_recover.pnk,6,448902,205206,73
2,Flapjack/Test/OriginalPancake/secp256k1_recover.pnk,7,68248,45736,13
2,Flapjack/Test/OriginalPancake/secp256k1_recover.pnk,8,115316,61225,23
2,Flapjack/Test/OriginalPancake/secp256k1_recover.pnk,9,366969,188704,55
2,Flapjack/Test/OriginalPancake/secp256k1_recover.pnk,10,207490,104346,43
2,Flapjack/Test/OriginalPancake/secp256k1_recover.pnk,11,429076,149150,111
2,Flapjack/Test/OriginalPancake/secp256k1_recover.pnk,12,64662,33523,25
2,Flapjack/Test/OriginalPancake/secp256k1_recover.pnk,13,168476,84870,37
2,Flapjack/Test/OriginalPancake/secp256k1_recover.pnk,14,217258,94497,79
2,Flapjack/Test/OriginalPancake/secp256k1_recover.pnk,15,255480,103815,69
2,Flapjack/Test/OriginalPancake/secp256k1_recover.pnk,16,332414,154590,53
2,Flapjack/Test/OriginalPancake/secp256k1_recover.pnk,17,343085,136215,133
2,Flapjack/Test/OriginalPancake/secp256k1_recover.pnk,18,450756,149991,85
2,Flapjack/Test/OriginalPancake/secp256k1_recover.pnk,19,488737,176532,87
2,Flapjack/Test/OriginalPancake/secp256k1_recover.pnk,20,710023,284885,125
2,Flapjack/Test/OriginalPancake/secp256k1_recover.pnk,21,1270636,462608,177
2,Flapjack/Test/OriginalPancake/secp256k1_recover.pnk,22,541066,191490,169
2,Flapjack/Test/OriginalPancake/secp256k1_recover.pnk,23,2608717,746962,360
2,Flapjack/Test/OriginalPancake/secp256k1_recover.pnk,24,1271868,366388,273
2,Flapjack/Test/OriginalPancake/secp256k1_recover.pnk,25,755288,314791,139
2,Flapjack/Test/OriginalPancake/secp256k1_recover.pnk,26,560181,256582,137
2,Flapjack/Test/OriginalPancake/secp256k1_recover.pnk,27,719451,265829,117
2,Flapjack/Test/OriginalPancake/secp256k1_recover.pnk,28,717557,272161,119
2,Flapjack/Test/OriginalPancake/secp256k1_recover.pnk,29,1039582,302478,181
2,Flapjack/Test/OriginalPancake/secp256k1_recover.pnk,30,346921,127329,75
2,Flapjack/Test/OriginalPancake/secp256k1_recover.pnk,31,140915,51827,21
2,Flapjack/Test/OriginalPancake/secp256k1_recover.pnk,32,119555,43151,21
2,Flapjack/Test/OriginalPancake/secp256k1_recover.pnk,33,8931197,1649367,627
2,Flapjack/Test/OriginalPancake/secp256k1_recover.pnk,34,153007,84248,21
2,Flapjack/Test/OriginalPancake/secp256k1_recover.pnk,35,134813,60263,21
2,Flapjack/Test/OriginalPancake/secp256k1_recover.pnk,36,142918,51838,21
2,Flapjack/Test/OriginalPancake/secp256k1_recover.pnk,37,9336298,1649547,659
2,Flapjack/Test/OriginalPancake/secp256k1_recover.pnk,38,166543,82214,21
2,Flapjack/Test/OriginalPancake/secp256k1_recover.pnk,39,405732,190417,89
2,Flapjack/Test/OriginalPancake/secp256k1_recover.pnk,40,567575,228760,105
2,Flapjack/Test/OriginalPancake/secp256k1_recover.pnk,41,193413,81604,29
2,Flapjack/Test/OriginalPancake/secp256k1_recover.pnk,42,1688289,454714,323
2,Flapjack/Test/OriginalPancake/secp256k1_recover.pnk,43,1481270,442170,289
2,Flapjack/Test/OriginalPancake/secp256k1_recover.pnk,44,5066401,1209671,689
2,Flapjack/Test/OriginalPancake/secp256k1_recover.pnk,45,52982207,6083240,1872
2,Flapjack/Test/OriginalPancake/secp256k1_recover.pnk,46,1996348,492384,371
2,Flapjack/Test/OriginalPancake/secp256k1_recover.pnk,47,3853905,792839,553
2,Flapjack/Test/OriginalPancake/secp256k1_recover.pnk,48,12396543,1928029,1031
2,Flapjack/Test/OriginalPancake/spilled_load_offset.pnk,3,39173,22392,5
2,Flapjack/Test/OriginalPancake/spilled_load_offset.pnk,4,321644,146104,77
2,Flapjack/Test/OriginalPancake/spilled_load_offset.pnk,5,17152,9588,7
2,Flapjack/Test/OriginalPancake/spilled_load_offset.pnk,6,1642233,514607,245
2,Flapjack/Test/OriginalPancake/spilled_load_offset.pnk,7,49964,23444,11
2,Flapjack/Test/OriginalPancake/allocator_colour_permutation.pnk,3,20028,13104,5
2,Flapjack/Test/OriginalPancake/allocator_colour_permutation.pnk,4,19336,19867,7
2,Flapjack/Test/OriginalPancake/allocator_colour_permutation.pnk,5,25828,15509,9
2,Flapjack/Test/OriginalPancake/allocator_colour_permutation.pnk,6,530275,191850,114
2,Flapjack/Test/OriginalPancake/set_transient_storage_copy_class.pnk,3,165360,133351,19
2,Flapjack/Test/OriginalPancake/set_transient_storage_copy_class.pnk,4,87916,42089,23
2,Flapjack/Test/OriginalPancake/set_transient_storage_copy_class.pnk,5,53491,28423,11
2,Flapjack/Test/OriginalPancake/set_transient_storage_copy_class.pnk,6,96701,48261,21
2,Flapjack/Test/OriginalPancake/set_transient_storage_copy_class.pnk,7,14978,8757,7
2,Flapjack/Test/OriginalPancake/set_transient_storage_copy_class.pnk,8,15048,8296,7
2,Flapjack/Test/OriginalPancake/set_transient_storage_copy_class.pnk,9,13044,9798,7
2,Flapjack/Test/OriginalPancake/set_transient_storage_copy_class.pnk,10,1066623,302498,219
2,Flapjack/Test/OriginalPancake/wide_add_constant.pnk,3,12433,7955,5
2,Flapjack/Test/OriginalPancake/wide_add_constant.pnk,4,15789,9939,7
2,Flapjack/Test/OriginalPancake/wide_call_arity.pnk,3,50374,28173,5
2,Flapjack/Test/OriginalPancake/wide_call_arity.pnk,4,615094,234761,131
2,Flapjack/Test/OriginalPancake/wide_call_arity.pnk,5,18655,11271,7
2,Flapjack/Test/OriginalPancake/wide_call_arity.pnk,6,15159,8135,7
2,Flapjack/Test/OriginalPancake/wide_call_arity.pnk,7,14037,7414,7
2,Flapjack/Test/OriginalPancake/wide_call_arity.pnk,8,15369,8025,7
2,Flapjack/Test/OriginalPancake/wide_call_arity.pnk,9,1241330,411122,177
2,Flapjack/Test/OriginalPancake/wide_call_arity.pnk,10,1369340,440257,189
2,Flapjack/Test/OriginalPancake/wide_call_arity.pnk,11,1535743,530136,213
2,Flapjack/Test/OriginalPancake/wide_call_arity.pnk,12,1965019,648628,261
2,Flapjack/Test/OriginalPancake/wide_return_22.pnk,3,55504,21320,5
2,Flapjack/Test/OriginalPancake/wide_return_22.pnk,4,24816,24957,7
2,Flapjack/Test/OriginalPancake/wide_return_22.pnk,5,413917,123221,49
2,Flapjack/Test/OriginalPancake/wide_call_spilled_base.pnk,3,37580,22502,5
2,Flapjack/Test/OriginalPancake/wide_call_spilled_base.pnk,4,195076,92203,49
2,Flapjack/Test/OriginalPancake/wide_call_spilled_base.pnk,5,18004,9317,7
2,Flapjack/Test/OriginalPancake/wide_call_spilled_base.pnk,6,1520114,527781,201
2,Flapjack/Test/OriginalPancake/f00226_mks_out_of_range_shift.pnk,3,34605,23545,5
2,Flapjack/Test/OriginalPancake/f00226_mks_out_of_range_shift.pnk,4,157615,110227,35
2,Flapjack/Test/OriginalPancake/f00226_mks_out_of_range_shift.pnk,5,33924,16731,9
2,Flapjack/Test/OriginalPancake/loop_to_word_unbound_var.pnk,3,13535,8737,5
2,Flapjack/Test/OriginalPancake/loop_to_word_unbound_var.pnk,4,245291,145543,51
2,Flapjack/Test/OriginalPancake/loop_to_word_unbound_var.pnk,5,14938,8837,7
2,Flapjack/Test/OriginalPancake/loop_to_word_exception_fallback.pnk,3,12043,8005,5
2,Flapjack/Test/OriginalPancake/loop_to_word_exception_fallback.pnk,4,67858,45485,19
2,Flapjack/Test/OriginalPancake/f00226_mks_out_of_range_shift.pnk,3,29085,12934,5
2,Flapjack/Test/OriginalPancake/f00226_mks_out_of_range_shift.pnk,4,153578,94137,35
2,Flapjack/Test/OriginalPancake/f00226_mks_out_of_range_shift.pnk,5,35357,17553,9
2,Flapjack/Test/OriginalPancake/op_dispatch_relocation_boundary.pnk,3,40105,22793,5
2,Flapjack/Test/OriginalPancake/op_dispatch_relocation_boundary.pnk,4,29194,26450,7
2,Flapjack/Test/OriginalPancake/op_dispatch_relocation_boundary.pnk,5,14428,12753,7
2,Flapjack/Test/OriginalPancake/op_dispatch_relocation_boundary.pnk,6,12493,8075,7
2,Flapjack/Test/OriginalPancake/op_dispatch_relocation_boundary.pnk,7,12002,8075,7
2,Flapjack/Test/OriginalPancake/op_dispatch_relocation_boundary.pnk,8,11832,7724,7
2,Flapjack/Test/OriginalPancake/op_dispatch_relocation_boundary.pnk,9,14438,9047,7
2,Flapjack/Test/OriginalPancake/op_dispatch_relocation_boundary.pnk,10,11782,8136,7
2,Flapjack/Test/OriginalPancake/op_dispatch_relocation_boundary.pnk,11,11722,7534,7
2,Flapjack/Test/OriginalPancake/op_dispatch_relocation_boundary.pnk,12,11631,7374,7
2,Flapjack/Test/OriginalPancake/op_dispatch_relocation_boundary.pnk,13,13445,8496,7
2,Flapjack/Test/OriginalPancake/op_dispatch_relocation_boundary.pnk,14,11712,7424,7
2,Flapjack/Test/OriginalPancake/op_dispatch_relocation_boundary.pnk,15,11611,7474,7
2,Flapjack/Test/OriginalPancake/op_dispatch_relocation_boundary.pnk,16,11361,7414,7
2,Flapjack/Test/OriginalPancake/op_dispatch_relocation_boundary.pnk,17,11392,7414,7
2,Flapjack/Test/OriginalPancake/op_dispatch_relocation_boundary.pnk,18,11452,7454,7
2,Flapjack/Test/OriginalPancake/op_dispatch_relocation_boundary.pnk,19,13886,8616,7
2,Flapjack/Test/OriginalPancake/op_dispatch_relocation_boundary.pnk,20,12133,7534,7
2,Flapjack/Test/OriginalPancake/op_dispatch_relocation_boundary.pnk,21,11481,7504,7
2,Flapjack/Test/OriginalPancake/op_dispatch_relocation_boundary.pnk,22,11501,7454,7
2,Flapjack/Test/OriginalPancake/op_dispatch_relocation_boundary.pnk,23,11501,7374,7
2,Flapjack/Test/OriginalPancake/op_dispatch_relocation_boundary.pnk,24,11462,7504,7
2,Flapjack/Test/OriginalPancake/op_dispatch_relocation_boundary.pnk,25,12904,8296,7
2,Flapjack/Test/OriginalPancake/op_dispatch_relocation_boundary.pnk,26,11422,7343,7
2,Flapjack/Test/OriginalPancake/op_dispatch_relocation_boundary.pnk,27,12544,7814,7
2,Flapjack/Test/OriginalPancake/op_dispatch_relocation_boundary.pnk,28,11441,7274,7
2,Flapjack/Test/OriginalPancake/op_dispatch_relocation_boundary.pnk,29,17252,8136,7
2,Flapjack/Test/OriginalPancake/op_dispatch_relocation_boundary.pnk,30,12383,7895,7
2,Flapjack/Test/OriginalPancake/op_dispatch_relocation_boundary.pnk,31,12293,7905,7
2,Flapjack/Test/OriginalPancake/op_dispatch_relocation_boundary.pnk,32,3754509,1000158,1031
2,Flapjack/Test/OriginalPancake/op_dispatch_label_stability.pnk,3,50284,27692,5
2,Flapjack/Test/OriginalPancake/op_dispatch_label_stability.pnk,4,26269,30407,7
2,Flapjack/Test/OriginalPancake/op_dispatch_label_stability.pnk,5,12914,7985,7
2,Flapjack/Test/OriginalPancake/op_dispatch_label_stability.pnk,6,12073,7574,7
2,Flapjack/Test/OriginalPancake/op_dispatch_label_stability.pnk,7,12553,7965,7
2,Flapjack/Test/OriginalPancake/op_dispatch_label_stability.pnk,8,11632,7273,7
2,Flapjack/Test/OriginalPancake/op_dispatch_label_stability.pnk,9,11712,7394,7
2,Flapjack/Test/OriginalPancake/op_dispatch_label_stability.pnk,10,12374,7935,7
2,Flapjack/Test/OriginalPancake/op_dispatch_label_stability.pnk,11,11912,7364,7
2,Flapjack/Test/OriginalPancake/op_dispatch_label_stability.pnk,12,12553,7775,7
2,Flapjack/Test/OriginalPancake/op_dispatch_label_stability.pnk,13,11531,7414,7
2,Flapjack/Test/OriginalPancake/op_dispatch_label_stability.pnk,14,11532,9287,7
2,Flapjack/Test/OriginalPancake/op_dispatch_label_stability.pnk,15,12123,7414,7
2,Flapjack/Test/OriginalPancake/op_dispatch_label_stability.pnk,16,11733,7253,7
2,Flapjack/Test/OriginalPancake/op_dispatch_label_stability.pnk,17,12474,7885,7
2,Flapjack/Test/OriginalPancake/op_dispatch_label_stability.pnk,18,11431,7514,7
2,Flapjack/Test/OriginalPancake/op_dispatch_label_stability.pnk,19,14868,12533,7
2,Flapjack/Test/OriginalPancake/op_dispatch_label_stability.pnk,20,11913,7594,7
2,Flapjack/Test/OriginalPancake/op_dispatch_label_stability.pnk,21,11812,7494,7
2,Flapjack/Test/OriginalPancake/op_dispatch_label_stability.pnk,22,12354,7774,7
2,Flapjack/Test/OriginalPancake/op_dispatch_label_stability.pnk,23,11602,7474,7
2,Flapjack/Test/OriginalPancake/op_dispatch_label_stability.pnk,24,11572,7213,7
2,Flapjack/Test/OriginalPancake/op_dispatch_label_stability.pnk,25,14207,7904,7
2,Flapjack/Test/OriginalPancake/op_dispatch_label_stability.pnk,26,11873,7634,7
2,Flapjack/Test/OriginalPancake/op_dispatch_label_stability.pnk,27,11913,7223,7
2,Flapjack/Test/OriginalPancake/op_dispatch_label_stability.pnk,28,11792,7234,7
2,Flapjack/Test/OriginalPancake/op_dispatch_label_stability.pnk,29,12233,7965,7
2,Flapjack/Test/OriginalPancake/op_dispatch_label_stability.pnk,30,11512,7233,7
2,Flapjack/Test/OriginalPancake/op_dispatch_label_stability.pnk,31,3848054,978918,1055
2,Flapjack/Test/OriginalPancake/op_dispatch_many.pnk,3,38592,19196,5
2,Flapjack/Test/OriginalPancake/op_dispatch_many.pnk,4,25618,26480,7
2,Flapjack/Test/OriginalPancake/op_dispatch_many.pnk,5,13565,8536,7
2,Flapjack/Test/OriginalPancake/op_dispatch_many.pnk,6,12223,10329,7
2,Flapjack/Test/OriginalPancake/op_dispatch_many.pnk,7,11923,7564,7
2,Flapjack/Test/OriginalPancake/op_dispatch_many.pnk,8,11962,7585,7
2,Flapjack/Test/OriginalPancake/op_dispatch_many.pnk,9,11792,7514,7
2,Flapjack/Test/OriginalPancake/op_dispatch_many.pnk,10,11672,7424,7
2,Flapjack/Test/OriginalPancake/op_dispatch_many.pnk,11,11782,7544,7
2,Flapjack/Test/OriginalPancake/op_dispatch_many.pnk,12,11562,7384,7
2,Flapjack/Test/OriginalPancake/op_dispatch_many.pnk,13,11722,7284,7
2,Flapjack/Test/OriginalPancake/op_dispatch_many.pnk,14,11522,7364,7
2,Flapjack/Test/OriginalPancake/op_dispatch_many.pnk,15,11712,7354,7
2,Flapjack/Test/OriginalPancake/op_dispatch_many.pnk,16,11602,7524,7
2,Flapjack/Test/OriginalPancake/op_dispatch_many.pnk,17,11572,7243,7
2,Flapjack/Test/OriginalPancake/op_dispatch_many.pnk,18,11672,7474,7
2,Flapjack/Test/OriginalPancake/op_dispatch_many.pnk,19,11632,7534,7
2,Flapjack/Test/OriginalPancake/op_dispatch_many.pnk,20,11742,7474,7
2,Flapjack/Test/OriginalPancake/op_dispatch_many.pnk,21,11712,7324,7
2,Flapjack/Test/OriginalPancake/op_dispatch_many.pnk,22,11662,7434,7
2,Flapjack/Test/OriginalPancake/op_dispatch_many.pnk,23,11802,7585,7
2,Flapjack/Test/OriginalPancake/op_dispatch_many.pnk,24,11822,7735,7
2,Flapjack/Test/OriginalPancake/op_dispatch_many.pnk,25,11983,7514,7
2,Flapjack/Test/OriginalPancake/op_dispatch_many.pnk,26,11672,7384,7
2,Flapjack/Test/OriginalPancake/op_dispatch_many.pnk,27,11732,7564,7
2,Flapjack/Test/OriginalPancake/op_dispatch_many.pnk,28,11793,7694,7
2,Flapjack/Test/OriginalPancake/op_dispatch_many.pnk,29,11892,7464,7
2,Flapjack/Test/OriginalPancake/op_dispatch_many.pnk,30,11522,7574,7
2,Flapjack/Test/OriginalPancake/op_dispatch_many.pnk,31,11702,7394,7
2,Flapjack/Test/OriginalPancake/op_dispatch_many.pnk,32,3679819,952498,1031
2,Flapjack/Test/OriginalPancake/op_dispatch_stored_length.pnk,3,40436,24466,5
2,Flapjack/Test/OriginalPancake/op_dispatch_stored_length.pnk,4,27661,29105,7
2,Flapjack/Test/OriginalPancake/op_dispatch_stored_length.pnk,5,12754,7945,7
2,Flapjack/Test/OriginalPancake/op_dispatch_stored_length.pnk,6,12063,7744,7
2,Flapjack/Test/OriginalPancake/op_dispatch_stored_length.pnk,7,13044,8396,7
2,Flapjack/Test/OriginalPancake/op_dispatch_stored_length.pnk,8,12744,8205,7
2,Flapjack/Test/OriginalPancake/op_dispatch_stored_length.pnk,9,12824,9799,7
2,Flapjack/Test/OriginalPancake/op_dispatch_stored_length.pnk,10,12984,7985,7
2,Flapjack/Test/OriginalPancake/op_dispatch_stored_length.pnk,11,13125,8165,7
2,Flapjack/Test/OriginalPancake/op_dispatch_stored_length.pnk,12,12443,9809,7
2,Flapjack/Test/OriginalPancake/op_dispatch_stored_length.pnk,13,12233,7975,7
2,Flapjack/Test/OriginalPancake/op_dispatch_stored_length.pnk,14,11712,7485,7
2,Flapjack/Test/OriginalPancake/op_dispatch_stored_length.pnk,15,11682,7484,7
2,Flapjack/Test/OriginalPancake/op_dispatch_stored_length.pnk,16,11692,7384,7
2,Flapjack/Test/OriginalPancake/op_dispatch_stored_length.pnk,17,11732,7424,7
2,Flapjack/Test/OriginalPancake/op_dispatch_stored_length.pnk,18,12354,8015,7
2,Flapjack/Test/OriginalPancake/op_dispatch_stored_length.pnk,19,12043,7664,7
2,Flapjack/Test/OriginalPancake/op_dispatch_stored_length.pnk,20,11762,7594,7
2,Flapjack/Test/OriginalPancake/op_dispatch_stored_length.pnk,21,11722,7534,7
2,Flapjack/Test/OriginalPancake/op_dispatch_stored_length.pnk,22,12564,7935,7
2,Flapjack/Test/OriginalPancake/op_dispatch_stored_length.pnk,23,12343,7765,7
2,Flapjack/Test/OriginalPancake/op_dispatch_stored_length.pnk,24,11672,7524,7
2,Flapjack/Test/OriginalPancake/op_dispatch_stored_length.pnk,25,11642,7313,7
2,Flapjack/Test/OriginalPancake/op_dispatch_stored_length.pnk,26,11612,7474,7
2,Flapjack/Test/OriginalPancake/op_dispatch_stored_length.pnk,27,11532,7614,7
2,Flapjack/Test/OriginalPancake/op_dispatch_stored_length.pnk,28,11632,7414,7
2,Flapjack/Test/OriginalPancake/op_dispatch_stored_length.pnk,29,11452,7323,7
2,Flapjack/Test/OriginalPancake/op_dispatch_stored_length.pnk,30,11512,7324,7
2,Flapjack/Test/OriginalPancake/op_dispatch_stored_length.pnk,31,11512,7404,7
2,Flapjack/Test/OriginalPancake/op_dispatch_stored_length.pnk,32,4261230,1272710,1093
2,Flapjack/Test/OriginalPancake/f00014_loop_to_word_allocator.pnk,3,40045,23905,5
2,Flapjack/Test/OriginalPancake/f00014_loop_to_word_allocator.pnk,4,259157,147958,51
2,Flapjack/Test/OriginalPancake/f00014_loop_to_word_allocator.pnk,5,54262,28634,11
2,Flapjack/Test/OriginalPancake/f00238_handler_const_or.pnk,3,12894,7915,5
2,Flapjack/Test/OriginalPancake/f00238_handler_const_or.pnk,4,124344,50895,77
2,Flapjack/Test/OriginalPancake/f00238_handler_const_or.pnk,5,57508,32341,11
2,Flapjack/Test/OriginalPancake/f00017_nested_and_zero.pnk,3,12033,7424,5
2,Flapjack/Test/OriginalPancake/f00017_nested_and_zero.pnk,4,200417,68428,75
2,Flapjack/Test/OriginalPancake/f00017_nested_and_zero.pnk,5,55965,33523,11
2,Flapjack/Test/OriginalPancake/f00091_nested_and_constants.pnk,3,12202,7464,5
2,Flapjack/Test/OriginalPancake/f00091_nested_and_constants.pnk,4,142568,69961,37
2,Flapjack/Test/OriginalPancake/f00091_nested_and_constants.pnk,5,50405,26700,11
2,Flapjack/Test/OriginalPancake/f00091_nested_and_constants.pnk,6,32932,16170,9
2,Flapjack/Test/OriginalPancake/f00356_zero_shift_self_move.pnk,3,31439,17774,5
2,Flapjack/Test/OriginalPancake/f00356_zero_shift_self_move.pnk,4,1131204,285486,140
2,Flapjack/Test/OriginalPancake/f00356_zero_shift_self_move.pnk,5,68699,43522,11
2,Flapjack/Test/OriginalPancake/f00356_zero_shift_self_move.pnk,6,33323,19707,9
2,Flapjack/Test/OriginalPancake/f00356_zero_shift_self_move.pnk,7,32602,15409,9
2,Flapjack/Test/OriginalPancake/f00356_zero_shift_self_move.pnk,8,31188,14748,9
2,Flapjack/Test/OriginalPancake/f00484_nested_and_store.pnk,3,42109,23274,5
2,Flapjack/Test/OriginalPancake/f00484_nested_and_store.pnk,4,835198,282841,148
2,Flapjack/Test/OriginalPancake/f00484_nested_and_store.pnk,5,60053,36128,11
2,Flapjack/Test/OriginalPancake/f00484_nested_and_store.pnk,6,32511,20218,9
2,Flapjack/Test/OriginalPancake/f00484_nested_and_store.pnk,7,32571,16080,9
2,Flapjack/Test/OriginalPancake/f00484_nested_and_store.pnk,8,31570,15369,9
2,Flapjack/Test/OriginalPancake/f00325_zero_shift_self_move.pnk,3,15670,8857,5
2,Flapjack/Test/OriginalPancake/f00325_zero_shift_self_move.pnk,4,529624,191660,118
2,Flapjack/Test/OriginalPancake/f00325_zero_shift_self_move.pnk,5,56206,39354,9
2,Flapjack/Test/OriginalPancake/f00325_zero_shift_self_move.pnk,6,33303,16090,9
2,Flapjack/Test/OriginalPancake/dead_if_branches.pnk,3,13806,8786,5
2,Flapjack/Test/OriginalPancake/dead_if_branches.pnk,4,21160,15379,11
2,Flapjack/Test/OriginalPancake/f00356_zero_shift_self_move.pnk,3,28955,16020,5
2,Flapjack/Test/OriginalPancake/f00356_zero_shift_self_move.pnk,4,785885,279244,140
2,Flapjack/Test/OriginalPancake/f00356_zero_shift_self_move.pnk,5,75722,56656,11
2,Flapjack/Test/OriginalPancake/f00356_zero_shift_self_move.pnk,6,43441,33263,9
2,Flapjack/Test/OriginalPancake/f00356_zero_shift_self_move.pnk,7,34244,16962,9
2,Flapjack/Test/OriginalPancake/f00356_zero_shift_self_move.pnk,8,32521,15569,9
2,Flapjack/Test/OriginalPancake/f00042_zero_add_register_fusion.pnk,3,40245,22603,5
2,Flapjack/Test/OriginalPancake/f00042_zero_add_register_fusion.pnk,4,787158,281138,140
2,Flapjack/Test/OriginalPancake/f00042_zero_add_register_fusion.pnk,5,90460,55524,11
2,Flapjack/Test/OriginalPancake/f00042_zero_add_register_fusion.pnk,6,32692,19977,9
2,Flapjack/Test/OriginalPancake/f00042_zero_add_register_fusion.pnk,7,33263,15889,9
2,Flapjack/Test/OriginalPancake/f00042_zero_add_register_fusion.pnk,8,31780,15309,9
2,Flapjack/Test/OriginalPancake/f00460_nested_handler_constant_fold.pnk,3,20007,12454,5
2,Flapjack/Test/OriginalPancake/f00460_nested_handler_constant_fold.pnk,4,232766,82876,91
2,Flapjack/Test/OriginalPancake/f00460_nested_handler_constant_fold.pnk,5,71064,51737,11
2,Flapjack/Test/OriginalPancake/f00460_nested_handler_constant_fold.pnk,6,34494,20409,9
2,Flapjack/Test/OriginalPancake/f00460_nested_handler_constant_fold.pnk,7,33273,16160,9
2,Flapjack/Test/OriginalPancake/f01451_out_of_range_shift.pnk,3,138751,90720,21
2,Flapjack/Test/OriginalPancake/f01451_out_of_range_shift.pnk,4,55554,32641,11
2,Flapjack/Test/OriginalPancake/f00228_copy_share_store.pnk,3,40245,22673,5
2,Flapjack/Test/OriginalPancake/f00228_copy_share_store.pnk,4,1102941,403217,221
2,Flapjack/Test/OriginalPancake/f00228_copy_share_store.pnk,5,64982,37270,11
2,Flapjack/Test/OriginalPancake/f00228_copy_share_store.pnk,6,32811,20118,9
2,Flapjack/Test/OriginalPancake/f00228_copy_share_store.pnk,7,32652,15910,9
2,Flapjack/Test/OriginalPancake/f00228_copy_share_store.pnk,8,31950,15319,9
2,Flapjack/Test/OriginalPancake/input_blob_load_selector.pnk,3,401263,234080,61
2,Flapjack/Test/OriginalPancake/input_blob_load_selector.pnk,4,43151,19176,27
2,Flapjack/Test/OriginalPancake/input_blob_load_selector.pnk,5,298110,127419,59
2,Flapjack/Test/OriginalPancake/input_blob_load_selector.pnk,6,249529,116498,51
2,Flapjack/Test/OriginalPancake/input_blob_load_selector.pnk,7,409198,169128,73
2,Flapjack/Test/OriginalPancake/input_blob_load_selector.pnk,8,597221,188313,102
2,Flapjack/Test/OriginalPancake/gh1039_handled_call_labels.pnk,3,13416,9077,5
2,Flapjack/Test/OriginalPancake/gh1039_handled_call_labels.pnk,4,19196,12213,7
2,Flapjack/Test/OriginalPancake/gh1039_handled_call_labels.pnk,5,19236,12193,7
2,Flapjack/Test/OriginalPancake/gh1039_handled_call_labels.pnk,6,58410,26179,41
2,Flapjack/Test/OriginalPancake/pxn98_unreach_elim.pnk,3,11061,7504,5
2,Flapjack/Test/OriginalPancake/pxn98_unreach_elim.pnk,4,17993,11141,7
2,Flapjack/Test/OriginalPancake/pxn98_unreach_elim.pnk,5,77435,34044,21
2,Flapjack/Test/OriginalPancake/nested_immediate_carrier.pnk,3,10990,7254,5
2,Flapjack/Test/OriginalPancake/nested_immediate_carrier.pnk,4,17463,10640,7
2,Flapjack/Test/OriginalPancake/nested_immediate_carrier.pnk,5,38002,27862,9
2,Flapjack/Test/OriginalPancake/nested_shift_immediate_carrier.pnk,3,10460,7133,5
2,Flapjack/Test/OriginalPancake/nested_shift_immediate_carrier.pnk,4,17132,10580,7
2,Flapjack/Test/OriginalPancake/nested_shift_immediate_carrier.pnk,5,35287,22692,9
2,Flapjack/Test/OriginalPancake/nested_register_carrier.pnk,3,10670,7143,5
2,Flapjack/Test/OriginalPancake/nested_register_carrier.pnk,4,29947,18514,9
2,Flapjack/Test/OriginalPancake/nested_register_carrier.pnk,5,51687,28273,11
2,Flapjack/Test/OriginalPancake/secp256k1_recover.pnk,3,341701,210105,47
2,Flapjack/Test/OriginalPancake/secp256k1_recover.pnk,4,15339,9908,7
2,Flapjack/Test/OriginalPancake/secp256k1_recover.pnk,5,310563,119374,59
2,Flapjack/Test/OriginalPancake/secp256k1_recover.pnk,6,421922,166693,73
2,Flapjack/Test/OriginalPancake/secp256k1_recover.pnk,7,48902,25267,13
2,Flapjack/Test/OriginalPancake/secp256k1_recover.pnk,8,101721,49783,23
2,Flapjack/Test/OriginalPancake/secp256k1_recover.pnk,9,381656,188775,55
2,Flapjack/Test/OriginalPancake/secp256k1_recover.pnk,10,214503,104747,43
2,Flapjack/Test/OriginalPancake/secp256k1_recover.pnk,11,428535,146985,111
2,Flapjack/Test/OriginalPancake/secp256k1_recover.pnk,12,66154,33773,25
2,Flapjack/Test/OriginalPancake/secp256k1_recover.pnk,13,172684,84859,37
2,Flapjack/Test/OriginalPancake/secp256k1_recover.pnk,14,224091,96050,79
2,Flapjack/Test/OriginalPancake/secp256k1_recover.pnk,15,262623,107241,69
2,Flapjack/Test/OriginalPancake/secp256k1_recover.pnk,16,345649,163317,53
2,Flapjack/Test/OriginalPancake/secp256k1_recover.pnk,17,354786,140113,133
2,Flapjack/Test/OriginalPancake/secp256k1_recover.pnk,18,480081,151795,85
2,Flapjack/Test/OriginalPancake/secp256k1_recover.pnk,19,515818,186741,87
2,Flapjack/Test/OriginalPancake/secp256k1_recover.pnk,20,744347,284885,125
2,Flapjack/Test/OriginalPancake/secp256k1_recover.pnk,21,1357529,480231,177
2,Flapjack/Test/OriginalPancake/secp256k1_recover.pnk,22,568077,194335,169
2,Flapjack/Test/OriginalPancake/secp256k1_recover.pnk,23,2775300,787729,360
2,Flapjack/Test/OriginalPancake/secp256k1_recover.pnk,24,1337681,358433,273
2,Flapjack/Test/OriginalPancake/secp256k1_recover.pnk,25,764926,289974,139
2,Flapjack/Test/OriginalPancake/secp256k1_recover.pnk,26,532891,213741,137
2,Flapjack/Test/OriginalPancake/secp256k1_recover.pnk,27,699232,232827,117
2,Flapjack/Test/OriginalPancake/secp256k1_recover.pnk,28,718139,239419,119
2,Flapjack/Test/OriginalPancake/secp256k1_recover.pnk,29,1076280,267863,181
2,Flapjack/Test/OriginalPancake/secp256k1_recover.pnk,30,339928,108544,75
2,Flapjack/Test/OriginalPancake/secp256k1_recover.pnk,31,140113,47890,21
2,Flapjack/Test/OriginalPancake/secp256k1_recover.pnk,32,123392,43120,21
2,Flapjack/Test/OriginalPancake/secp256k1_recover.pnk,33,9317192,1605113,627
2,Flapjack/Test/OriginalPancake/secp256k1_recover.pnk,34,154160,75241,21
2,Flapjack/Test/OriginalPancake/secp256k1_recover.pnk,35,120186,45716,21
2,Flapjack/Test/OriginalPancake/secp256k1_recover.pnk,36,140304,48531,21
2,Flapjack/Test/OriginalPancake/secp256k1_recover.pnk,37,9622145,1613749,659
2,Flapjack/Test/OriginalPancake/secp256k1_recover.pnk,38,152427,70021,21
2,Flapjack/Test/OriginalPancake/secp256k1_recover.pnk,39,367329,149080,89
2,Flapjack/Test/OriginalPancake/secp256k1_recover.pnk,40,513203,177003,105
2,Flapjack/Test/OriginalPancake/secp256k1_recover.pnk,41,167334,63088,29
2,Flapjack/Test/OriginalPancake/secp256k1_recover.pnk,42,1768560,397015,323
2,Flapjack/Test/OriginalPancake/secp256k1_recover.pnk,43,1467896,385654,289
2,Flapjack/Test/OriginalPancake/secp256k1_recover.pnk,44,5280704,1218658,689
2,Flapjack/Test/OriginalPancake/secp256k1_recover.pnk,45,53489870,5955079,1872
2,Flapjack/Test/OriginalPancake/secp256k1_recover.pnk,46,2017668,501792,371
2,Flapjack/Test/OriginalPancake/secp256k1_recover.pnk,47,3796297,786436,553
2,Flapjack/Test/OriginalPancake/secp256k1_recover.pnk,48,12411331,1944560,1031
2,Flapjack/Test/OriginalPancake/f00484_nested_and_store.pnk,3,39113,22603,5
2,Flapjack/Test/OriginalPancake/f00484_nested_and_store.pnk,4,822344,279595,148
2,Flapjack/Test/OriginalPancake/f00484_nested_and_store.pnk,5,52629,29325,11
2,Flapjack/Test/OriginalPancake/f00484_nested_and_store.pnk,6,32811,20469,9
2,Flapjack/Test/OriginalPancake/f00484_nested_and_store.pnk,7,32852,16100,9
2,Flapjack/Test/OriginalPancake/f00484_nested_and_store.pnk,8,35416,15159,9
2,Flapjack/Test/OriginalPancake/f00232_nested_fold_order.pnk,3,19907,11342,5
2,Flapjack/Test/OriginalPancake/f00232_nested_fold_order.pnk,4,442321,157886,139
2,Flapjack/Test/OriginalPancake/f00232_nested_fold_order.pnk,5,54062,29505,11
2,Flapjack/Test/OriginalPancake/f00232_nested_fold_order.pnk,6,31709,19758,9
2,Flapjack/Test/OriginalPancake/f00232_nested_fold_order.pnk,7,32171,15348,9
2,Flapjack/Test/OriginalPancake/f00232_nested_fold_order.pnk,8,30778,14687,9
2,Flapjack/Test/OriginalPancake/output_write.pnk,3,12594,7604,5
2,Flapjack/Test/OriginalPancake/output_write.pnk,4,31740,21851,9
2,Flapjack/Test/OriginalPancake/output_write.pnk,5,369925,137157,62
2,Flapjack/Test/OriginalPancake/decs_stcnames.pnk,3,11070,7094,5
2,Flapjack/Test/OriginalPancake/decs_stcnames.pnk,4,13485,9347,7
2,Flapjack/Test/OriginalPancake/ffi_constant_false.pnk,3,10881,7143,5
2,Flapjack/Test/OriginalPancake/ffi_constant_false.pnk,4,29996,16862,17
2,Flapjack/Test/OriginalPancake/evaluate_decls.pnk,3,94498,59662,19
2,Flapjack/Test/OriginalPancake/evaluate_decls.pnk,4,49323,27572,13
2,Flapjack/Test/OriginalPancake/lookup_code.pnk,3,12223,11261,5
2,Flapjack/Test/OriginalPancake/lookup_code.pnk,4,18024,10920,7
2,Flapjack/Test/OriginalPancake/lookup_code.pnk,5,18965,11382,7
2,Flapjack/Test/OriginalPancake/semantics_decls.pnk,3,84799,48902,19
2,Flapjack/Test/OriginalPancake/semantics_decls.pnk,4,61566,30657,13
2,Flapjack/Test/OriginalPancake/upd_locals.pnk,3,11181,7263,5
2,Flapjack/Test/OriginalPancake/upd_locals.pnk,4,17603,10740,7
2,Flapjack/Test/OriginalPancake/upd_locals.pnk,5,18856,11301,7
2,Flapjack/Test/OriginalPancake/f00097_ssa_unmapped_zero.pnk,3,11432,7604,5
2,Flapjack/Test/OriginalPancake/f00097_ssa_unmapped_zero.pnk,4,346280,159389,101
2,Flapjack/Test/OriginalPancake/f00097_ssa_unmapped_zero.pnk,5,15559,9377,7
2,Flapjack/Test/OriginalPancake/f00097_ssa_unmapped_zero.pnk,6,13535,7855,7
2,Flapjack/Test/OriginalPancake/f00097_ssa_unmapped_zero.pnk,7,37570,16301,9
2,Flapjack/Test/OriginalPancake/stack_args_overflow_slots.pnk,3,37660,21350,5
2,Flapjack/Test/OriginalPancake/stack_args_overflow_slots.pnk,4,485542,186550,109
2,Flapjack/Test/OriginalPancake/stack_args_overflow_slots.pnk,5,19336,10089,7
2,Flapjack/Test/OriginalPancake/stack_args_overflow_slots.pnk,6,15750,7975,7
2,Flapjack/Test/OriginalPancake/stack_args_overflow_slots.pnk,7,15309,7744,7
2,Flapjack/Test/OriginalPancake/stack_args_overflow_slots.pnk,8,1357068,437661,189
2,Flapjack/Test/OriginalPancake/stack_args_overflow_slots.pnk,9,1484427,480141,201
2,Flapjack/Test/OriginalPancake/stack_args_overflow_slots.pnk,10,1704039,526779,225
2,Flapjack/Test/OriginalPancake/wide_constants_boundaries.pnk,3,39485,19426,5
2,Flapjack/Test/OriginalPancake/wide_constants_boundaries.pnk,4,1094735,305353,187
2,Flapjack/Test/OriginalPancake/wide_constants_boundaries.pnk,5,17403,10019,7
2,Flapjack/Test/OriginalPancake/wide_constants_boundaries.pnk,6,12163,7635,7
2,Flapjack/Test/OriginalPancake/wide_constants_boundaries.pnk,7,11792,7604,7
2,Flapjack/Test/OriginalPancake/wide_constants_boundaries.pnk,8,11682,7374,7
2,Flapjack/Test/OriginalPancake/wide_constants_boundaries.pnk,9,11572,7314,7
2,Flapjack/Test/OriginalPancake/wide_constants_boundaries.pnk,10,11511,7414,7
2,Flapjack/Test/OriginalPancake/wide_constants_boundaries.pnk,11,11632,7424,7
2,Flapjack/Test/OriginalPancake/nested_shape_22_fields.pnk,3,13656,7714,5
2,Flapjack/Test/OriginalPancake/nested_shape_22_fields.pnk,4,15178,9648,7
2,Flapjack/Test/OriginalPancake/nested_shape_22_fields.pnk,5,12373,7805,7
2,Flapjack/Test/OriginalPancake/gh1049_stack_alloc.pnk,3,12072,7544,5
2,Flapjack/Test/OriginalPancake/gh1049_stack_alloc.pnk,4,128391,73388,41
2,Flapjack/Test/OriginalPancake/gh1049_stack_alloc.pnk,5,14518,8596,7
2,Flapjack/Test/OriginalPancake/f00634_dead_raise.pnk,3,113774,79809,19
2,Flapjack/Test/OriginalPancake/f00634_dead_raise.pnk,4,806474,385604,138
2,Flapjack/Test/OriginalPancake/f00634_dead_raise.pnk,5,19377,11551,7
2,Flapjack/Test/OriginalPancake/f01266_raise_live_continuation.pnk,3,11742,7764,5
2,Flapjack/Test/OriginalPancake/f01266_raise_live_continuation.pnk,4,297699,128341,85
2,Flapjack/Test/OriginalPancake/f01266_raise_live_continuation.pnk,5,51577,27833,11
2,Flapjack/Test/OriginalPancake/ordinary_subword_offsets.pnk,3,11001,7173,5
2,Flapjack/Test/OriginalPancake/ordinary_subword_offsets.pnk,4,225703,96442,49
2,Flapjack/Test/OriginalPancake/odd_halfword_offset.pnk,3,11371,7724,5
2,Flapjack/Test/OriginalPancake/odd_halfword_offset.pnk,4,17824,10820,7
2,Flapjack/Test/OriginalPancake/odd_halfword_offset.pnk,5,55173,24686,17
2,Flapjack/Test/OriginalPancake/current_heap_or.pnk,3,10710,7153,5
2,Flapjack/Test/OriginalPancake/current_heap_or.pnk,4,28434,18224,9
2,Flapjack/Test/OriginalPancake/ready_last_argument_permutation.pnk,3,10911,7183,5
2,Flapjack/Test/OriginalPancake/ready_last_argument_permutation.pnk,4,317145,125205,61
2,Flapjack/Test/OriginalPancake/ready_last_argument_permutation.pnk,5,109957,52789,19
2,Flapjack/Test/OriginalPancake/store_offset_boundaries.pnk,3,10760,7224,5
2,Flapjack/Test/OriginalPancake/store_offset_boundaries.pnk,4,17232,10580,7
2,Flapjack/Test/OriginalPancake/store_offset_boundaries.pnk,5,179838,86242,39
2,Flapjack/Test/OriginalPancake/allocator_frame_handler_min.pnk,3,19707,12313,5
2,Flapjack/Test/OriginalPancake/allocator_frame_handler_min.pnk,4,456908,157125,142
2,Flapjack/Test/OriginalPancake/allocator_frame_handler_min.pnk,5,34795,21701,9
2,Flapjack/Test/OriginalPancake/allocator_frame_handler_min.pnk,6,32682,15629,9
2,Flapjack/Test/OriginalPancake/localise_load32_shadow.pnk,3,96852,62107,19
2,Flapjack/Test/OriginalPancake/localise_load32_shadow.pnk,4,13656,8867,7
2,Flapjack/Test/OriginalPancake/localise_load32_shadow.pnk,5,71564,39004,17
2,Flapjack/Test/OriginalPancake/localise_store32_shadow.pnk,3,77325,43552,19
2,Flapjack/Test/OriginalPancake/localise_store32_shadow.pnk,4,13876,8647,7
2,Flapjack/Test/OriginalPancake/localise_store32_shadow.pnk,5,65854,37560,19
2,Flapjack/Test/OriginalPancake/gh1126_load32_store32.pnk,3,80922,43171,19
2,Flapjack/Test/OriginalPancake/gh1126_load32_store32.pnk,4,13765,8597,7
2,Flapjack/Test/OriginalPancake/gh1126_load32_store32.pnk,5,67737,35066,17
2,Flapjack/Test/OriginalPancake/gh1126_load32_store32.pnk,6,64260,32211,19
2,Flapjack/Test/OriginalPancake/f01266_raise_continuation.pnk,3,11852,7334,5
2,Flapjack/Test/OriginalPancake/f01266_raise_continuation.pnk,4,293051,118222,85
2,Flapjack/Test/OriginalPancake/f01266_raise_continuation.pnk,5,51787,27862,11
2,Flapjack/Test/OriginalPancake/const_store_reuse.pnk,3,10680,7224,5
2,Flapjack/Test/OriginalPancake/const_store_reuse.pnk,4,45566,22883,15
2,Flapjack/Test/OriginalPancake/gh1127_local_store_base.pnk,3,10760,6973,5
2,Flapjack/Test/OriginalPancake/gh1127_local_store_base.pnk,4,51337,26169,17
2,Flapjack/Test/OriginalPancake/f84_frame_allocator.pnk,3,11651,7745,5
2,Flapjack/Test/OriginalPancake/f84_frame_allocator.pnk,4,278473,120396,81
2,Flapjack/Test/OriginalPancake/f84_frame_allocator.pnk,5,49412,26851,11
2,Flapjack/Test/OriginalPancake/f84_frame_allocator.pnk,6,30958,19267,9
2,Flapjack/Test/OriginalPancake/f84_frame_allocator.pnk,7,38042,18875,9
2,Flapjack/Test/OriginalPancake/f84_frame_allocator.pnk,8,31309,15058,9
2,Flapjack/Test/OriginalPancake/currheap_add_const.pnk,3,11602,7434,5
2,Flapjack/Test/OriginalPancake/currheap_add_const.pnk,4,28854,18765,9
2,Flapjack/Test/OriginalPancake/currheap_sub_zero.pnk,3,10640,6943,5
2,Flapjack/Test/OriginalPancake/currheap_sub_zero.pnk,4,23895,13626,9
2,Flapjack/Test/OriginalPancake/nested_currheap_xor.pnk,3,10439,6863,5
2,Flapjack/Test/OriginalPancake/nested_currheap_xor.pnk,4,72416,44113,15
2,Flapjack/Test/OriginalPancake/currheap_const_left.pnk,3,10670,6944,5
2,Flapjack/Test/OriginalPancake/currheap_const_left.pnk,4,42199,24807,11
2,Flapjack/Test/OriginalPancake/nested_handler_condition.pnk,3,11251,7434,5
2,Flapjack/Test/OriginalPancake/nested_handler_condition.pnk,4,125916,47970,113
2,Flapjack/Test/OriginalPancake/nested_handler_condition.pnk,5,52348,28804,11
2,Flapjack/Test/OriginalPancake/nested_handler_condition.pnk,6,32541,15459,9
2,Flapjack/Test/OriginalPancake/nested_currheap_xor.pnk,3,11051,7263,5
2,Flapjack/Test/OriginalPancake/nested_currheap_xor.pnk,4,69981,38602,15
2,Flapjack/Test/OriginalPancake/annotation_comments.pnk,3,11151,7283,5
2,Flapjack/Test/OriginalPancake/annotation_comments.pnk,4,61776,29385,33
2,Flapjack/Test/OriginalPancake/annotation_comments.pnk,5,49683,27061,11
2,Flapjack/Test/OriginalPancake/nested_handler_comparison.pnk,3,10790,7114,5
2,Flapjack/Test/OriginalPancake/nested_handler_comparison.pnk,4,69109,29997,61
2,Flapjack/Test/OriginalPancake/nested_handler_comparison.pnk,5,55624,28423,11
2,Flapjack/Test/OriginalPancake/and_comparison_handler.pnk,3,15289,7474,5
2,Flapjack/Test/OriginalPancake/and_comparison_handler.pnk,4,56787,24376,49
2,Flapjack/Test/OriginalPancake/and_comparison_handler.pnk,5,34535,22111,9
2,Flapjack/Test/OriginalPancake/ld8_currheap_offset.pnk,3,16351,7654,5
2,Flapjack/Test/OriginalPancake/ld8_currheap_offset.pnk,4,32842,21761,11
2,Flapjack/Test/OriginalPancake/currheap_load_large_offset.pnk,3,10600,6853,5
2,Flapjack/Test/OriginalPancake/currheap_load_large_offset.pnk,4,44624,26670,11
2,Flapjack/Test/OriginalPancake/f480_out_of_range_struct.pnk,3,102913,67857,19
2,Flapjack/Test/OriginalPancake/f480_out_of_range_struct.pnk,4,380765,154821,93
2,Flapjack/Test/OriginalPancake/f480_out_of_range_struct.pnk,5,34726,17052,9
2,Flapjack/Test/OriginalPancake/f480_out_of_range_struct.pnk,6,31659,14998,9
2,Flapjack/Test/OriginalPancake/f860_try_loop_large_constant.pnk,3,21661,11732,5
2,Flapjack/Test/OriginalPancake/f860_try_loop_large_constant.pnk,4,614403,200997,146
2,Flapjack/Test/OriginalPancake/f860_try_loop_large_constant.pnk,5,54763,28053,11
2,Flapjack/Test/OriginalPancake/f860_try_loop_large_constant.pnk,6,32611,19797,9
2,Flapjack/Test/OriginalPancake/f860_try_loop_large_constant.pnk,7,33482,16000,9
2,Flapjack/Test/OriginalPancake/f860_try_loop_large_constant.pnk,8,32130,15189,9
2,Flapjack/Test/OriginalPancake/f00108_handler_spill_slot.pnk,3,140203,100028,19
2,Flapjack/Test/OriginalPancake/f00108_handler_spill_slot.pnk,4,780325,258455,340
2,Flapjack/Test/OriginalPancake/f00108_handler_spill_slot.pnk,5,58009,36068,11
2,Flapjack/Test/OriginalPancake/f00108_handler_spill_slot.pnk,6,31890,19917,9
2,Flapjack/Test/OriginalPancake/f00108_handler_spill_slot.pnk,7,32862,16020,9
2,Flapjack/Test/OriginalPancake/f00108_handler_spill_slot.pnk,8,31650,14998,9
2,Flapjack/Test/OriginalPancake/f00103_fuzz_global_struct_loop.pnk,3,31690,17542,5
2,Flapjack/Test/OriginalPancake/f00103_fuzz_global_struct_loop.pnk,4,3241495,669547,324
2,Flapjack/Test/OriginalPancake/f00103_fuzz_global_struct_loop.pnk,5,58920,34676,11
2,Flapjack/Test/OriginalPancake/f00103_fuzz_global_struct_loop.pnk,6,32221,19476,9
2,Flapjack/Test/OriginalPancake/f00103_fuzz_global_struct_loop.pnk,7,32451,15529,9
2,Flapjack/Test/OriginalPancake/f00103_fuzz_global_struct_loop.pnk,8,30717,14748,9
2,Flapjack/Test/OriginalPancake/f00114_fuzz_global_pressure.pnk,3,38122,20799,5
2,Flapjack/Test/OriginalPancake/f00114_fuzz_global_pressure.pnk,4,3823829,933022,552
2,Flapjack/Test/OriginalPancake/f00114_fuzz_global_pressure.pnk,5,83306,58760,11
2,Flapjack/Test/OriginalPancake/f00114_fuzz_global_pressure.pnk,6,33303,20318,9
2,Flapjack/Test/OriginalPancake/f00114_fuzz_global_pressure.pnk,7,32501,15449,9
2,Flapjack/Test/OriginalPancake/f00114_fuzz_global_pressure.pnk,8,35376,14718,9
2,Flapjack/Test/OriginalPancake/f00278_fuzz_global_struct_handler.pnk,3,38632,21661,5
2,Flapjack/Test/OriginalPancake/f00278_fuzz_global_struct_handler.pnk,4,9324445,1645890,788
2,Flapjack/Test/OriginalPancake/f00278_fuzz_global_struct_handler.pnk,5,87625,66425,11
2,Flapjack/Test/OriginalPancake/f00278_fuzz_global_struct_handler.pnk,6,33393,21079,9
2,Flapjack/Test/OriginalPancake/f00278_fuzz_global_struct_handler.pnk,7,33512,16592,9
2,Flapjack/Test/OriginalPancake/f00278_fuzz_global_struct_handler.pnk,8,32070,19316,9
2,Flapjack/Test/OriginalPancake/f00268_fuzz_high_pressure_handler.pnk,3,43872,25989,5
2,Flapjack/Test/OriginalPancake/f00268_fuzz_high_pressure_handler.pnk,4,28381062,3659230,1218
2,Flapjack/Test/OriginalPancake/f00268_fuzz_high_pressure_handler.pnk,5,152366,115547,11
2,Flapjack/Test/OriginalPancake/f00268_fuzz_high_pressure_handler.pnk,6,40076,25307,9
2,Flapjack/Test/OriginalPancake/f00268_fuzz_high_pressure_handler.pnk,7,32531,16732,9
2,Flapjack/Test/OriginalPancake/f00268_fuzz_high_pressure_handler.pnk,8,31188,15099,9
2,Flapjack/Test/OriginalPancake/f00000_fuzz_global_pressure_20261015.pnk,3,40886,22503,5
2,Flapjack/Test/OriginalPancake/f00000_fuzz_global_pressure_20261015.pnk,4,942469,342854,229
2,Flapjack/Test/OriginalPancake/f00000_fuzz_global_pressure_20261015.pnk,5,60313,32982,11
2,Flapjack/Test/OriginalPancake/f00000_fuzz_global_pressure_20261015.pnk,6,31739,19798,9
2,Flapjack/Test/OriginalPancake/f00000_fuzz_global_pressure_20261015.pnk,7,32381,15659,9
2,Flapjack/Test/OriginalPancake/f00000_fuzz_global_pressure_20261015.pnk,8,31409,14968,9
2,Flapjack/Test/OriginalPancake/f00002_fuzz_pressure_20261017.pnk,3,38352,20418,5
2,Flapjack/Test/OriginalPancake/f00002_fuzz_pressure_20261017.pnk,4,4214291,713189,285
2,Flapjack/Test/OriginalPancake/f00002_fuzz_pressure_20261017.pnk,5,64962,38041,11
2,Flapjack/Test/OriginalPancake/f00002_fuzz_pressure_20261017.pnk,6,33172,20458,9
2,Flapjack/Test/OriginalPancake/f00002_fuzz_pressure_20261017.pnk,7,33012,15559,9
2,Flapjack/Test/OriginalPancake/f00002_fuzz_pressure_20261017.pnk,8,31338,15139,9
2,Flapjack/Test/OriginalPancake/f00226_fuzz_nested_pressure_20261017.pnk,3,41998,30107,5
2,Flapjack/Test/OriginalPancake/f00226_fuzz_nested_pressure_20261017.pnk,4,6010404,974449,637
2,Flapjack/Test/OriginalPancake/f00226_fuzz_nested_pressure_20261017.pnk,5,105829,82705,11
2,Flapjack/Test/OriginalPancake/f00226_fuzz_nested_pressure_20261017.pnk,6,34244,20078,9
2,Flapjack/Test/OriginalPancake/f00226_fuzz_nested_pressure_20261017.pnk,7,32982,15819,9
2,Flapjack/Test/OriginalPancake/f00226_fuzz_nested_pressure_20261017.pnk,8,32702,15549,9
2,Flapjack/Test/OriginalPancake/f00209_fuzz_global_pressure_20261018.pnk,3,169207,122210,19
2,Flapjack/Test/OriginalPancake/f00209_fuzz_global_pressure_20261018.pnk,4,11285868,2110613,801
2,Flapjack/Test/OriginalPancake/f00209_fuzz_global_pressure_20261018.pnk,5,104135,78728,11
2,Flapjack/Test/OriginalPancake/f00209_fuzz_global_pressure_20261018.pnk,6,37109,22603,9
2,Flapjack/Test/OriginalPancake/f00209_fuzz_global_pressure_20261018.pnk,7,32220,15890,9
2,Flapjack/Test/OriginalPancake/f00209_fuzz_global_pressure_20261018.pnk,8,30006,14628,9
2,Flapjack/Test/OriginalPancake/f00413_fuzz_pressure_20261019.pnk,3,24697,22973,5
2,Flapjack/Test/OriginalPancake/f00413_fuzz_pressure_20261019.pnk,4,8535925,1629710,860
2,Flapjack/Test/OriginalPancake/f00413_fuzz_pressure_20261019.pnk,5,56246,33092,11
2,Flapjack/Test/OriginalPancake/f00413_fuzz_pressure_20261019.pnk,6,35617,21681,9
2,Flapjack/Test/OriginalPancake/f00413_fuzz_pressure_20261019.pnk,7,34164,16822,9
2,Flapjack/Test/OriginalPancake/f00413_fuzz_pressure_20261019.pnk,8,31850,15569,9
2,Flapjack/Test/OriginalPancake/f00003_fuzz_global_pressure_20260927.pnk,3,152096,105388,19
2,Flapjack/Test/OriginalPancake/f00003_fuzz_global_pressure_20260927.pnk,4,25939798,3611270,1423
2,Flapjack/Test/OriginalPancake/f00003_fuzz_global_pressure_20260927.pnk,5,109256,81462,11
2,Flapjack/Test/OriginalPancake/f00003_fuzz_global_pressure_20260927.pnk,6,32791,20108,9
2,Flapjack/Test/OriginalPancake/f00003_fuzz_global_pressure_20260927.pnk,7,32050,15539,9
2,Flapjack/Test/OriginalPancake/f00003_fuzz_global_pressure_20260927.pnk,8,30868,15098,9
2,Flapjack/Test/OriginalPancake/f00080_fuzz_pressure_20260923.pnk,3,39093,21340,5
2,Flapjack/Test/OriginalPancake/f00080_fuzz_pressure_20260923.pnk,4,3241345,886845,493
2,Flapjack/Test/OriginalPancake/f00080_fuzz_pressure_20260923.pnk,5,77065,55484,11
2,Flapjack/Test/OriginalPancake/f00080_fuzz_pressure_20260923.pnk,6,32562,19737,9
2,Flapjack/Test/OriginalPancake/f00080_fuzz_pressure_20260923.pnk,7,31990,15469,9
2,Flapjack/Test/OriginalPancake/f00080_fuzz_pressure_20260923.pnk,8,30949,14827,9
2,Flapjack/Test/OriginalPancake/f00017_fuzz_allocator_20260923.pnk,3,164429,116569,19
2,Flapjack/Test/OriginalPancake/f00017_fuzz_allocator_20260923.pnk,4,17854,10460,7
2,Flapjack/Test/OriginalPancake/f00017_fuzz_allocator_20260923.pnk,5,48561,26540,13
2,Flapjack/Test/OriginalPancake/f00017_fuzz_allocator_20260923.pnk,6,403638,175619,77
2,Flapjack/Test/OriginalPancake/f00017_fuzz_allocator_20260923.pnk,7,58269,28534,19
2,Flapjack/Test/OriginalPancake/f00017_fuzz_allocator_20260923.pnk,8,399820,131908,62
2,Flapjack/Test/OriginalPancake/f00017_fuzz_allocator_20260923.pnk,9,521739,183625,83
2,Flapjack/Test/OriginalPancake/f00017_fuzz_allocator_20260923.pnk,10,607931,224952,117
2,Flapjack/Test/OriginalPancake/f00017_fuzz_allocator_20260923.pnk,11,506731,183134,105
2,Flapjack/Test/OriginalPancake/f00017_fuzz_allocator_20260923.pnk,12,2786401,696567,392
2,Flapjack/Test/OriginalPancake/f00333_fuzz_frame_pressure_20260924.pnk,3,41397,23835,5
2,Flapjack/Test/OriginalPancake/f00333_fuzz_frame_pressure_20260924.pnk,4,29088510,3663037,1220
2,Flapjack/Test/OriginalPancake/f00333_fuzz_frame_pressure_20260924.pnk,5,107432,80872,11
2,Flapjack/Test/OriginalPancake/f00333_fuzz_frame_pressure_20260924.pnk,6,33703,20248,9
2,Flapjack/Test/OriginalPancake/f00333_fuzz_frame_pressure_20260924.pnk,7,32341,15670,9
2,Flapjack/Test/OriginalPancake/f00333_fuzz_frame_pressure_20260924.pnk,8,31108,14928,9
2,Flapjack/Test/OriginalPancake/f00217_fuzz_allocator_20260928.pnk,3,37851,20999,5
2,Flapjack/Test/OriginalPancake/f00217_fuzz_allocator_20260928.pnk,4,1067284,384512,179
2,Flapjack/Test/OriginalPancake/f00217_fuzz_allocator_20260928.pnk,5,51356,31159,11
2,Flapjack/Test/OriginalPancake/f00217_fuzz_allocator_20260928.pnk,6,31529,19286,9
2,Flapjack/Test/OriginalPancake/f00217_fuzz_allocator_20260928.pnk,7,76694,34896,9
2,Flapjack/Test/OriginalPancake/f00217_fuzz_allocator_20260928.pnk,8,78938,27201,9
2,Flapjack/Test/OriginalPancake/f00276_fuzz_frame_allocator_20260928.pnk,3,38593,21410,5
2,Flapjack/Test/OriginalPancake/f00276_fuzz_frame_allocator_20260928.pnk,4,1846517,582594,369
2,Flapjack/Test/OriginalPancake/f00276_fuzz_frame_allocator_20260928.pnk,5,60224,34214,11
2,Flapjack/Test/OriginalPancake/f00276_fuzz_frame_allocator_20260928.pnk,6,39955,21781,9
2,Flapjack/Test/OriginalPancake/f00276_fuzz_frame_allocator_20260928.pnk,7,34975,17533,9
2,Flapjack/Test/OriginalPancake/f00276_fuzz_frame_allocator_20260928.pnk,8,31880,15398,9
2,Flapjack/Test/OriginalPancake/p8_frame_pressure.pnk,3,13194,8436,5
2,Flapjack/Test/OriginalPancake/p8_frame_pressure.pnk,4,383470,164078,107
2,Flapjack/Test/OriginalPancake/p8_frame_pressure.pnk,5,53921,28002,9
2,Flapjack/Test/OriginalPancake/p8_frame_pressure.pnk,6,30798,17833,7
2,Flapjack/Test/OriginalPancake/frame_cross_call.pnk,3,21851,11541,5
2,Flapjack/Test/OriginalPancake/frame_cross_call.pnk,4,170890,88647,63
2,Flapjack/Test/OriginalPancake/frame_cross_call.pnk,5,79118,39955,15
2,Flapjack/Test/OriginalPancake/frame_cross_call.pnk,6,18254,10429,7
2,Flapjack/Test/OriginalPancake/gh1127_local_store_constant.pnk,3,11542,7825,5
2,Flapjack/Test/OriginalPancake/gh1127_local_store_constant.pnk,4,55444,33383,15
2,Flapjack/Test/OriginalPancake/gh1127_local_store_constant_five.pnk,3,10930,7084,5
2,Flapjack/Test/OriginalPancake/gh1127_local_store_constant_five.pnk,4,50385,25177,15
2,Flapjack/Test/OriginalPancake/odd_subword_offset.pnk,3,10580,7143,5
2,Flapjack/Test/OriginalPancake/odd_subword_offset.pnk,4,28443,16381,11
2,Flapjack/Test/OriginalPancake/riscv_narrow_lower_offset.pnk,3,12093,9247,5
2,Flapjack/Test/OriginalPancake/riscv_narrow_lower_offset.pnk,4,49002,25398,13
2,scripts/parity-difffuzz-findings/bitmap-min/case.pnk,3,27842,13786,5
2,scripts/parity-difffuzz-findings/bitmap-min/case.pnk,4,230463,111329,69
2,scripts/parity-difffuzz-findings/bitmap-min/case.pnk,5,34354,16601,9
2,scripts/parity-difffuzz-findings/bitmap-min/case.pnk,6,17904,10500,7
2,scripts/parity-difffuzz-findings/ffi-min/case.pnk,3,11431,7144,5
2,scripts/parity-difffuzz-findings/ffi-min/case.pnk,4,89047,42320,23
2,scripts/parity-difffuzz-findings/frame-occupancy/p9.pnk,3,11772,7384,5
2,scripts/parity-difffuzz-findings/frame-occupancy/p9.pnk,4,172224,82274,59
2,scripts/parity-difffuzz-findings/frame-occupancy/p9.pnk,5,33633,16291,9
2,scripts/parity-difffuzz-findings/frame-occupancy/p9.pnk,6,17803,10360,7
2,scripts/parity-difffuzz-findings/frame-occupancy/live1.pnk,3,13105,8486,5
2,scripts/parity-difffuzz-findings/frame-occupancy/live1.pnk,4,172334,91582,61
2,scripts/parity-difffuzz-findings/frame-occupancy/live1.pnk,5,33883,16962,9
2,scripts/parity-difffuzz-findings/frame-occupancy/live1.pnk,6,17793,10320,7
2,scripts/parity-difffuzz-findings/frame-occupancy/live3.pnk,3,12383,8226,5
2,scripts/parity-difffuzz-findings/frame-occupancy/live3.pnk,4,418316,148689,121
2,scripts/parity-difffuzz-findings/frame-occupancy/live3.pnk,5,34425,16872,9
2,scripts/parity-difffuzz-findings/frame-occupancy/live3.pnk,6,17633,10329,7
